project_type,project_type_citation,national_total_job_cost,national_total_job_cost_citation,regional_city,regional_city_citation,regional_total_job_cost,regional_total_job_cost_citation
Garage Door Replacement,https://www.jlconline.com/cost-vs-value/2025/east-south-central/birmingham-al/,4672,https://www.jlconline.com/cost-vs-value/2025/national/,"Birmingham, Alabama",https://www.jlconline.com/cost-vs-value/2025/east-south-central/birmingham-al/,4793,https://www.jlconline.com/cost-vs-value/2025/east-south-central/birmingham-al/
Garage Door Replacement,https://www.jlconline.com/cost-vs-value/2025/east-south-central/birmingham-al/,4672,https://www.jlconline.com/cost-vs-value/2025/national/,East South Central,https://www.jlconline.com/cost-vs-value/2025/east-south-central/birmingham-al/,4288,https://www.jlconline.com/cost-vs-value/2025/east-south-central/birmingham-al/
Manufactured Stone Veneer,https://www.jlconline.com/cost-vs-value/2025/east-south-central/birmingham-al/,11702,https://www.jlconline.com/cost-vs-value/2025/national/,"Birmingham, Alabama",https://www.jlconline.com/cost-vs-value/2025/east-south-central/birmingham-al/,11041,https://www.jlconline.com/cost-vs-value/2025/east-south-central/birmingham-al/
Manufactured Stone Veneer,https://www.jlconline.com/cost-vs-value/2025/east-south-central/birmingham-al/,11702,https://www.jlconline.com/cost-vs-value/2025/national/,East South Central,https://www.jlconline.com/cost-vs-value/2025/east-south-central/birmingham-al/,10858,https://www.jlconline.com/cost-vs-value/2025/east-south-central/birmingham-al/
Entry Door Replacement | Steel,https://www.jlconline.com/cost-vs-value/2025/east-south-central/birmingham-al/,2435,https://www.jlconline.com/cost-vs-value/2025/national/,"Birmingham, Alabama",https://www.jlconline.com/cost-vs-value/2025/east-south-central/birmingham-al/,2264,https://www.jlconline.com/cost-vs-value/2025/east-south-central/birmingham-al/
Entry Door Replacement | Steel,https://www.jlconline.com/cost-vs-value/2025/east-south-central/birmingham-al/,2435,https://www.jlconline.com/cost-vs-value/2025/national/,East South Central,https://www.jlconline.com/cost-vs-value/2025/east-south-central/birmingham-al/,2319,https://www.jlconline.com/cost-vs-value/2025/east-south-central/birmingham-al/
Siding Replacement | Vinyl,https://www.jlconline.com/cost-vs-value/2025/east-south-central/birmingham-al/,17950,https://www.jlconline.com/cost-vs-value/2025/national/,"Birmingham, Alabama",https://www.jlconline.com/cost-vs-value/2025/east-south-central/birmingham-al/,13704,https://www.jlconline.com/cost-vs-value/2025/east-south-central/birmingham-al/
Siding Replacement | Vinyl,https://www.jlconline.com/cost-vs-value/2025/east-south-central/birmingham-al/,17950,https://www.jlconline.com/cost-vs-value/2025/national/,East South Central,https://www.jlconline.com/cost-vs-value/2025/east-south-central/birmingham-al/,14596,https://www.jlconline.com/cost-vs-value/2025/east-south-central/birmingham-al/
Minor Kitchen Remodel | Midrange,https://www.jlconline.com/cost-vs-value/2025/east-south-central/birmingham-al/,28458,https://www.jlconline.com/cost-vs-value/2025/national/,"Birmingham, Alabama",https://www.jlconline.com/cost-vs-value/2025/east-south-central/birmingham-al/,26184,https://www.jlconline.com/cost-vs-value/2025/east-south-central/birmingham-al/
Minor Kitchen Remodel | Midrange,https://www.jlconline.com/cost-vs-value/2025/east-south-central/birmingham-al/,28458,https://www.jlconline.com/cost-vs-value/2025/national/,East South Central,https://www.jlconline.com/cost-vs-value/2025/east-south-central/birmingham-al/,27034,https://www.jlconline.com/cost-vs-value/2025/east-south-central/birmingham-al/
Deck Addition | Wood,https://www.jlconline.com/cost-vs-value/2025/east-south-central/birmingham-al/,18263,https://www.jlconline.com/cost-vs-value/2025/national/,"Birmingham, Alabama",https://www.jlconline.com/cost-vs-value/2025/east-south-central/birmingham-al/,14028,https://www.jlconline.com/cost-vs-value/2025/east-south-central/birmingham-al/
Deck Addition | Wood,https://www.jlconline.com/cost-vs-value/2025/east-south-central/birmingham-al/,18263,https://www.jlconline.com/cost-vs-value/2025/national/,East South Central,https://www.jlconline.com/cost-vs-value/2025/east-south-central/birmingham-al/,16868,https://www.jlconline.com/cost-vs-value/2025/east-south-central/birmingham-al/
Grand Entrance | Fiberglass,https://www.jlconline.com/cost-vs-value/2025/east-south-central/birmingham-al/,11754,https://www.jlconline.com/cost-vs-value/2025/national/,"Birmingham, Alabama",https://www.jlconline.com/cost-vs-value/2025/east-south-central/birmingham-al/,10399,https://www.jlconline.com/cost-vs-value/2025/east-south-central/birmingham-al/
Grand Entrance | Fiberglass,https://www.jlconline.com/cost-vs-value/2025/east-south-central/birmingham-al/,11754,https://www.jlconline.com/cost-vs-value/2025/national/,East South Central,https://www.jlconline.com/cost-vs-value/2025/east-south-central/birmingham-al/,10717,https://www.jlconline.com/cost-vs-value/2025/east-south-central/birmingham-al/
Siding Replacement | Fiber-Cement,https://www.jlconline.com/cost-vs-value/2025/east-south-central/birmingham-al/,21485,https://www.jlconline.com/cost-vs-value/2025/national/,"Birmingham, Alabama",https://www.jlconline.com/cost-vs-value/2025/east-south-central/birmingham-al/,16366,https://www.jlconline.com/cost-vs-value/2025/east-south-central/birmingham-al/
Siding Replacement | Fiber-Cement,https://www.jlconline.com/cost-vs-value/2025/east-south-central/birmingham-al/,21485,https://www.jlconline.com/cost-vs-value/2025/national/,East South Central,https://www.jlconline.com/cost-vs-value/2025/east-south-central/birmingham-al/,18260,https://www.jlconline.com/cost-vs-value/2025/east-south-central/birmingham-al/
Backup Power Generator,https://www.jlconline.com/cost-vs-value/2025/east-south-central/birmingham-al/,13534,https://www.jlconline.com/cost-vs-value/2025/national/,"Birmingham, Alabama",https://www.jlconline.com/cost-vs-value/2025/east-south-central/birmingham-al/,11857,https://www.jlconline.com/cost-vs-value/2025/east-south-central/birmingham-al/
Backup Power Generator,https://www.jlconline.com/cost-vs-value/2025/east-south-central/birmingham-al/,13534,https://www.jlconline.com/cost-vs-value/2025/national/,East South Central,https://www.jlconline.com/cost-vs-value/2025/east-south-central/birmingham-al/,11629,https://www.jlconline.com/cost-vs-value/2025/east-south-central/birmingham-al/
HVAC Conversion | Electrification,https://www.jlconline.com/cost-vs-value/2025/east-south-central/birmingham-al/,19484,https://www.jlconline.com/cost-vs-value/2025/national/,"Birmingham, Alabama",https://www.jlconline.com/cost-vs-value/2025/east-south-central/birmingham-al/,17047,https://www.jlconline.com/cost-vs-value/2025/east-south-central/birmingham-al/
HVAC Conversion | Electrification,https://www.jlconline.com/cost-vs-value/2025/east-south-central/birmingham-al/,19484,https://www.jlconline.com/cost-vs-value/2025/national/,East South Central,https://www.jlconline.com/cost-vs-value/2025/east-south-central/birmingham-al/,17174,https://www.jlconline.com/cost-vs-value/2025/east-south-central/birmingham-al/
Bath Remodel | Midrange,https://www.jlconline.com/cost-vs-value/2025/east-south-central/birmingham-al/,26138,https://www.jlconline.com/cost-vs-value/2025/national/,"Birmingham, Alabama",https://www.jlconline.com/cost-vs-value/2025/east-south-central/birmingham-al/,21494,https://www.jlconline.com/cost-vs-value/2025/east-south-central/birmingham-al/
Bath Remodel | Midrange,https://www.jlconline.com/cost-vs-value/2025/east-south-central/birmingham-al/,26138,https://www.jlconline.com/cost-vs-value/2025/national/,East South Central,https://www.jlconline.com/cost-vs-value/2025/east-south-central/birmingham-al/,23409,https://www.jlconline.com/cost-vs-value/2025/east-south-central/birmingham-al/
Bath Remodel | Universal Design,https://www.jlconline.com/cost-vs-value/2025/east-south-central/birmingham-al/,42183,https://www.jlconline.com/cost-vs-value/2025/national/,"Birmingham, Alabama",https://www.jlconline.com/cost-vs-value/2025/east-south-central/birmingham-al/,35549,https://www.jlconline.com/cost-vs-value/2025/east-south-central/birmingham-al/
Bath Remodel | Universal Design,https://www.jlconline.com/cost-vs-value/2025/east-south-central/birmingham-al/,42183,https://www.jlconline.com/cost-vs-value/2025/national/,East South Central,https://www.jlconline.com/cost-vs-value/2025/east-south-central/birmingham-al/,39243,https://www.jlconline.com/cost-vs-value/2025/east-south-central/birmingham-al/
Basement Remodel,https://www.jlconline.com/cost-vs-value/2025/east-south-central/birmingham-al/,52012,https://www.jlconline.com/cost-vs-value/2025/national/,"Birmingham, Alabama",https://www.jlconline.com/cost-vs-value/2025/east-south-central/birmingham-al/,43505,https://www.jlconline.com/cost-vs-value/2025/east-south-central/birmingham-al/
Basement Remodel,https://www.jlconline.com/cost-vs-value/2025/east-south-central/birmingham-al/,52012,https://www.jlconline.com/cost-vs-value/2025/national/,East South Central,https://www.jlconline.com/cost-vs-value/2025/east-south-central/birmingham-al/,44436,https://www.jlconline.com/cost-vs-value/2025/east-south-central/birmingham-al/
Roofing Replacement | Asphalt Shingles,https://www.jlconline.com/cost-vs-value/2025/east-south-central/birmingham-al/,31871,https://www.jlconline.com/cost-vs-value/2025/national/,"Birmingham, Alabama",https://www.jlconline.com/cost-vs-value/2025/east-south-central/birmingham-al/,26547,https://www.jlconline.com/cost-vs-value/2025/east-south-central/birmingham-al/
Roofing Replacement | Asphalt Shingles,https://www.jlconline.com/cost-vs-value/2025/east-south-central/birmingham-al/,31871,https://www.jlconline.com/cost-vs-value/2025/national/,East South Central,https://www.jlconline.com/cost-vs-value/2025/east-south-central/birmingham-al/,25939,https://www.jlconline.com/cost-vs-value/2025/east-south-central/birmingham-al/
Deck Addition | Composite,https://www.jlconline.com/cost-vs-value/2025/east-south-central/birmingham-al/,25096,https://www.jlconline.com/cost-vs-value/2025/national/,"Birmingham, Alabama",https://www.jlconline.com/cost-vs-value/2025/east-south-central/birmingham-al/,21923,https://www.jlconline.com/cost-vs-value/2025/east-south-central/birmingham-al/
Deck Addition | Composite,https://www.jlconline.com/cost-vs-value/2025/east-south-central/birmingham-al/,25096,https://www.jlconline.com/cost-vs-value/2025/national/,East South Central,https://www.jlconline.com/cost-vs-value/2025/east-south-central/birmingham-al/,23692,https://www.jlconline.com/cost-vs-value/2025/east-south-central/birmingham-al/
Roofing Replacement | Metal,https://www.jlconline.com/cost-vs-value/2025/east-south-central/birmingham-al/,51865,https://www.jlconline.com/cost-vs-value/2025/national/,"Birmingham, Alabama",https://www.jlconline.com/cost-vs-value/2025/east-south-central/birmingham-al/,37819,https://www.jlconline.com/cost-vs-value/2025/east-south-central/birmingham-al/
Roofing Replacement | Metal,https://www.jlconline.com/cost-vs-value/2025/east-south-central/birmingham-al/,51865,https://www.jlconline.com/cost-vs-value/2025/national/,East South Central,https://www.jlconline.com/cost-vs-value/2025/east-south-central/birmingham-al/,41256,https://www.jlconline.com/cost-vs-value/2025/east-south-central/birmingham-al/
Window Replacement | Wood,https://www.jlconline.com/cost-vs-value/2025/east-south-central/birmingham-al/,26781,https://www.jlconline.com/cost-vs-value/2025/national/,"Birmingham, Alabama",https://www.jlconline.com/cost-vs-value/2025/east-south-central/birmingham-al/,25674,https://www.jlconline.com/cost-vs-value/2025/east-south-central/birmingham-al/
Window Replacement | Wood,https://www.jlconline.com/cost-vs-value/2025/east-south-central/birmingham-al/,26781,https://www.jlconline.com/cost-vs-value/2025/national/,East South Central,https://www.jlconline.com/cost-vs-value/2025/east-south-central/birmingham-al/,25379,https://www.jlconline.com/cost-vs-value/2025/east-south-central/birmingham-al/
Window Replacement | Vinyl,https://www.jlconline.com/cost-vs-value/2025/east-south-central/birmingham-al/,22073,https://www.jlconline.com/cost-vs-value/2025/national/,"Birmingham, Alabama",https://www.jlconline.com/cost-vs-value/2025/east-south-central/birmingham-al/,20593,https://www.jlconline.com/cost-vs-value/2025/east-south-central/birmingham-al/
Window Replacement | Vinyl,https://www.jlconline.com/cost-vs-value/2025/east-south-central/birmingham-al/,22073,https://www.jlconline.com/cost-vs-value/2025/national/,East South Central,https://www.jlconline.com/cost-vs-value/2025/east-south-central/birmingham-al/,20328,https://www.jlconline.com/cost-vs-value/2025/east-south-central/birmingham-al/
Major Kitchen Remodel | Midrange,https://www.jlconline.com/cost-vs-value/2025/east-south-central/birmingham-al/,82793,https://www.jlconline.com/cost-vs-value/2025/national/,"Birmingham, Alabama",https://www.jlconline.com/cost-vs-value/2025/east-south-central/birmingham-al/,74870,https://www.jlconline.com/cost-vs-value/2025/east-south-central/birmingham-al/
Major Kitchen Remodel | Midrange,https://www.jlconline.com/cost-vs-value/2025/east-south-central/birmingham-al/,82793,https://www.jlconline.com/cost-vs-value/2025/national/,East South Central,https://www.jlconline.com/cost-vs-value/2025/east-south-central/birmingham-al/,77908,https://www.jlconline.com/cost-vs-value/2025/east-south-central/birmingham-al/
Bathroom Addition | Midrange,https://www.jlconline.com/cost-vs-value/2025/east-south-central/birmingham-al/,60645,https://www.jlconline.com/cost-vs-value/2025/national/,"Birmingham, Alabama",https://www.jlconline.com/cost-vs-value/2025/east-south-central/birmingham-al/,50429,https://www.jlconline.com/cost-vs-value/2025/east-south-central/birmingham-al/
Bathroom Addition | Midrange,https://www.jlconline.com/cost-vs-value/2025/east-south-central/birmingham-al/,60645,https://www.jlconline.com/cost-vs-value/2025/national/,East South Central,https://www.jlconline.com/cost-vs-value/2025/east-south-central/birmingham-al/,54032,https://www.jlconline.com/cost-vs-value/2025/east-south-central/birmingham-al/
Bathroom Addition | Upscale,https://www.jlconline.com/cost-vs-value/2025/east-south-central/birmingham-al/,111255,https://www.jlconline.com/cost-vs-value/2025/national/,"Birmingham, Alabama",https://www.jlconline.com/cost-vs-value/2025/east-south-central/birmingham-al/,95243,https://www.jlconline.com/cost-vs-value/2025/east-south-central/birmingham-al/
Bathroom Addition | Upscale,https://www.jlconline.com/cost-vs-value/2025/east-south-central/birmingham-al/,111255,https://www.jlconline.com/cost-vs-value/2025/national/,East South Central,https://www.jlconline.com/cost-vs-value/2025/east-south-central/birmingham-al/,100404,https://www.jlconline.com/cost-vs-value/2025/east-south-central/birmingham-al/
Bath Remodel | Upscale,https://www.jlconline.com/cost-vs-value/2025/east-south-central/birmingham-al/,81612,https://www.jlconline.com/cost-vs-value/2025/national/,"Birmingham, Alabama",https://www.jlconline.com/cost-vs-value/2025/east-south-central/birmingham-al/,71410,https://www.jlconline.com/cost-vs-value/2025/east-south-central/birmingham-al/
Bath Remodel | Upscale,https://www.jlconline.com/cost-vs-value/2025/east-south-central/birmingham-al/,81612,https://www.jlconline.com/cost-vs-value/2025/national/,East South Central,https://www.jlconline.com/cost-vs-value/2025/east-south-central/birmingham-al/,75726,https://www.jlconline.com/cost-vs-value/2025/east-south-central/birmingham-al/
Accessory Dwelling Unit,https://www.jlconline.com/cost-vs-value/2025/east-south-central/birmingham-al/,166406,https://www.jlconline.com/cost-vs-value/2025/national/,"Birmingham, Alabama",https://www.jlconline.com/cost-vs-value/2025/east-south-central/birmingham-al/,138415,https://www.jlconline.com/cost-vs-value/2025/east-south-central/birmingham-al/
Accessory Dwelling Unit,https://www.jlconline.com/cost-vs-value/2025/east-south-central/birmingham-al/,166406,https://www.jlconline.com/cost-vs-value/2025/national/,East South Central,https://www.jlconline.com/cost-vs-value/2025/east-south-central/birmingham-al/,145541,https://www.jlconline.com/cost-vs-value/2025/east-south-central/birmingham-al/
Solar Power Installation,https://www.jlconline.com/cost-vs-value/2025/east-south-central/birmingham-al/,55937,https://www.jlconline.com/cost-vs-value/2025/national/,"Birmingham, Alabama",https://www.jlconline.com/cost-vs-value/2025/east-south-central/birmingham-al/,48660,https://www.jlconline.com/cost-vs-value/2025/east-south-central/birmingham-al/
Solar Power Installation,https://www.jlconline.com/cost-vs-value/2025/east-south-central/birmingham-al/,55937,https://www.jlconline.com/cost-vs-value/2025/national/,East South Central,https://www.jlconline.com/cost-vs-value/2025/east-south-central/birmingham-al/,47784,https://www.jlconline.com/cost-vs-value/2025/east-south-central/birmingham-al/
Backyard Patio,https://www.jlconline.com/cost-vs-value/2025/east-south-central/birmingham-al/,51454,https://www.jlconline.com/cost-vs-value/2025/national/,"Birmingham, Alabama",https://www.jlconline.com/cost-vs-value/2025/east-south-central/birmingham-al/,49517,https://www.jlconline.com/cost-vs-value/2025/east-south-central/birmingham-al/
Backyard Patio,https://www.jlconline.com/cost-vs-value/2025/east-south-central/birmingham-al/,51454,https://www.jlconline.com/cost-vs-value/2025/national/,East South Central,https://www.jlconline.com/cost-vs-value/2025/east-south-central/birmingham-al/,49085,https://www.jlconline.com/cost-vs-value/2025/east-south-central/birmingham-al/
Major Kitchen Remodel | Upscale,https://www.jlconline.com/cost-vs-value/2025/east-south-central/birmingham-al/,164104,https://www.jlconline.com/cost-vs-value/2025/national/,"Birmingham, Alabama",https://www.jlconline.com/cost-vs-value/2025/east-south-central/birmingham-al/,149029,https://www.jlconline.com/cost-vs-value/2025/east-south-central/birmingham-al/
Major Kitchen Remodel | Upscale,https://www.jlconline.com/cost-vs-value/2025/east-south-central/birmingham-al/,164104,https://www.jlconline.com/cost-vs-value/2025/national/,East South Central,https://www.jlconline.com/cost-vs-value/2025/east-south-central/birmingham-al/,153105,https://www.jlconline.com/cost-vs-value/2025/east-south-central/birmingham-al/
Primary Suite Addition | Midrange,https://www.jlconline.com/cost-vs-value/2025/east-south-central/birmingham-al/,170517,https://www.jlconline.com/cost-vs-value/2025/national/,"Birmingham, Alabama",https://www.jlconline.com/cost-vs-value/2025/east-south-central/birmingham-al/,143015,https://www.jlconline.com/cost-vs-value/2025/east-south-central/birmingham-al/
Primary Suite Addition | Midrange,https://www.jlconline.com/cost-vs-value/2025/east-south-central/birmingham-al/,170517,https://www.jlconline.com/cost-vs-value/2025/national/,East South Central,https://www.jlconline.com/cost-vs-value/2025/east-south-central/birmingham-al/,150285,https://www.jlconline.com/cost-vs-value/2025/east-south-central/birmingham-al/
Primary Suite Addition | Upscale,https://www.jlconline.com/cost-vs-value/2025/east-south-central/birmingham-al/,351613,https://www.jlconline.com/cost-vs-value/2025/national/,"Birmingham, Alabama",https://www.jlconline.com/cost-vs-value/2025/east-south-central/birmingham-al/,296554,https://www.jlconline.com/cost-vs-value/2025/east-south-central/birmingham-al/
Primary Suite Addition | Upscale,https://www.jlconline.com/cost-vs-value/2025/east-south-central/birmingham-al/,351613,https://www.jlconline.com/cost-vs-value/2025/national/,East South Central,https://www.jlconline.com/cost-vs-value/2025/east-south-central/birmingham-al/,308579,https://www.jlconline.com/cost-vs-value/2025/east-south-central/birmingham-al/
Garage Door Replacement,https://www.jlconline.com/cost-vs-value/2025/east-north-central/appleton-wi/,4672,https://www.jlconline.com/cost-vs-value/2025/national/,"Appleton, Wisconsin",https://www.jlconline.com/cost-vs-value/2025/east-north-central/appleton-wi/,4287,https://www.jlconline.com/cost-vs-value/2025/east-north-central/appleton-wi/
Garage Door Replacement,https://www.jlconline.com/cost-vs-value/2025/east-north-central/appleton-wi/,4672,https://www.jlconline.com/cost-vs-value/2025/national/,East North Central,https://www.jlconline.com/cost-vs-value/2025/east-north-central/appleton-wi/,4357,https://www.jlconline.com/cost-vs-value/2025/east-north-central/appleton-wi/
Manufactured Stone Veneer,https://www.jlconline.com/cost-vs-value/2025/east-north-central/appleton-wi/,11702,https://www.jlconline.com/cost-vs-value/2025/national/,"Appleton, Wisconsin",https://www.jlconline.com/cost-vs-value/2025/east-north-central/appleton-wi/,10753,https://www.jlconline.com/cost-vs-value/2025/east-north-central/appleton-wi/
Manufactured Stone Veneer,https://www.jlconline.com/cost-vs-value/2025/east-north-central/appleton-wi/,11702,https://www.jlconline.com/cost-vs-value/2025/national/,East North Central,https://www.jlconline.com/cost-vs-value/2025/east-north-central/appleton-wi/,11193,https://www.jlconline.com/cost-vs-value/2025/east-north-central/appleton-wi/
Entry Door Replacement | Steel,https://www.jlconline.com/cost-vs-value/2025/east-north-central/appleton-wi/,2435,https://www.jlconline.com/cost-vs-value/2025/national/,"Appleton, Wisconsin",https://www.jlconline.com/cost-vs-value/2025/east-north-central/appleton-wi/,2277,https://www.jlconline.com/cost-vs-value/2025/east-north-central/appleton-wi/
Entry Door Replacement | Steel,https://www.jlconline.com/cost-vs-value/2025/east-north-central/appleton-wi/,2435,https://www.jlconline.com/cost-vs-value/2025/national/,East North Central,https://www.jlconline.com/cost-vs-value/2025/east-north-central/appleton-wi/,2339,https://www.jlconline.com/cost-vs-value/2025/east-north-central/appleton-wi/
Siding Replacement | Fiber-Cement,https://www.jlconline.com/cost-vs-value/2025/east-north-central/appleton-wi/,21485,https://www.jlconline.com/cost-vs-value/2025/national/,"Appleton, Wisconsin",https://www.jlconline.com/cost-vs-value/2025/east-north-central/appleton-wi/,21212,https://www.jlconline.com/cost-vs-value/2025/east-north-central/appleton-wi/
Siding Replacement | Fiber-Cement,https://www.jlconline.com/cost-vs-value/2025/east-north-central/appleton-wi/,21485,https://www.jlconline.com/cost-vs-value/2025/national/,East North Central,https://www.jlconline.com/cost-vs-value/2025/east-north-central/appleton-wi/,23515,https://www.jlconline.com/cost-vs-value/2025/east-north-central/appleton-wi/
Minor Kitchen Remodel | Midrange,https://www.jlconline.com/cost-vs-value/2025/east-north-central/appleton-wi/,28458,https://www.jlconline.com/cost-vs-value/2025/national/,"Appleton, Wisconsin",https://www.jlconline.com/cost-vs-value/2025/east-north-central/appleton-wi/,27192,https://www.jlconline.com/cost-vs-value/2025/east-north-central/appleton-wi/
Minor Kitchen Remodel | Midrange,https://www.jlconline.com/cost-vs-value/2025/east-north-central/appleton-wi/,28458,https://www.jlconline.com/cost-vs-value/2025/national/,East North Central,https://www.jlconline.com/cost-vs-value/2025/east-north-central/appleton-wi/,27005,https://www.jlconline.com/cost-vs-value/2025/east-north-central/appleton-wi/
Backup Power Generator,https://www.jlconline.com/cost-vs-value/2025/east-north-central/appleton-wi/,13534,https://www.jlconline.com/cost-vs-value/2025/national/,"Appleton, Wisconsin",https://www.jlconline.com/cost-vs-value/2025/east-north-central/appleton-wi/,11662,https://www.jlconline.com/cost-vs-value/2025/east-north-central/appleton-wi/
Backup Power Generator,https://www.jlconline.com/cost-vs-value/2025/east-north-central/appleton-wi/,13534,https://www.jlconline.com/cost-vs-value/2025/national/,East North Central,https://www.jlconline.com/cost-vs-value/2025/east-north-central/appleton-wi/,12877,https://www.jlconline.com/cost-vs-value/2025/east-north-central/appleton-wi/
Deck Addition | Wood,https://www.jlconline.com/cost-vs-value/2025/east-north-central/appleton-wi/,18263,https://www.jlconline.com/cost-vs-value/2025/national/,"Appleton, Wisconsin",https://www.jlconline.com/cost-vs-value/2025/east-north-central/appleton-wi/,17766,https://www.jlconline.com/cost-vs-value/2025/east-north-central/appleton-wi/
Deck Addition | Wood,https://www.jlconline.com/cost-vs-value/2025/east-north-central/appleton-wi/,18263,https://www.jlconline.com/cost-vs-value/2025/national/,East North Central,https://www.jlconline.com/cost-vs-value/2025/east-north-central/appleton-wi/,18090,https://www.jlconline.com/cost-vs-value/2025/east-north-central/appleton-wi/
Siding Replacement | Vinyl,https://www.jlconline.com/cost-vs-value/2025/east-north-central/appleton-wi/,17950,https://www.jlconline.com/cost-vs-value/2025/national/,"Appleton, Wisconsin",https://www.jlconline.com/cost-vs-value/2025/east-north-central/appleton-wi/,17385,https://www.jlconline.com/cost-vs-value/2025/east-north-central/appleton-wi/
Siding Replacement | Vinyl,https://www.jlconline.com/cost-vs-value/2025/east-north-central/appleton-wi/,17950,https://www.jlconline.com/cost-vs-value/2025/national/,East North Central,https://www.jlconline.com/cost-vs-value/2025/east-north-central/appleton-wi/,19139,https://www.jlconline.com/cost-vs-value/2025/east-north-central/appleton-wi/
Basement Remodel,https://www.jlconline.com/cost-vs-value/2025/east-north-central/appleton-wi/,52012,https://www.jlconline.com/cost-vs-value/2025/national/,"Appleton, Wisconsin",https://www.jlconline.com/cost-vs-value/2025/east-north-central/appleton-wi/,48789,https://www.jlconline.com/cost-vs-value/2025/east-north-central/appleton-wi/
Basement Remodel,https://www.jlconline.com/cost-vs-value/2025/east-north-central/appleton-wi/,52012,https://www.jlconline.com/cost-vs-value/2025/national/,East North Central,https://www.jlconline.com/cost-vs-value/2025/east-north-central/appleton-wi/,49713,https://www.jlconline.com/cost-vs-value/2025/east-north-central/appleton-wi/
Window Replacement | Vinyl,https://www.jlconline.com/cost-vs-value/2025/east-north-central/appleton-wi/,22073,https://www.jlconline.com/cost-vs-value/2025/national/,"Appleton, Wisconsin",https://www.jlconline.com/cost-vs-value/2025/east-north-central/appleton-wi/,21667,https://www.jlconline.com/cost-vs-value/2025/east-north-central/appleton-wi/
Window Replacement | Vinyl,https://www.jlconline.com/cost-vs-value/2025/east-north-central/appleton-wi/,22073,https://www.jlconline.com/cost-vs-value/2025/national/,East North Central,https://www.jlconline.com/cost-vs-value/2025/east-north-central/appleton-wi/,22054,https://www.jlconline.com/cost-vs-value/2025/east-north-central/appleton-wi/
Grand Entrance | Fiberglass,https://www.jlconline.com/cost-vs-value/2025/east-north-central/appleton-wi/,11754,https://www.jlconline.com/cost-vs-value/2025/national/,"Appleton, Wisconsin",https://www.jlconline.com/cost-vs-value/2025/east-north-central/appleton-wi/,11056,https://www.jlconline.com/cost-vs-value/2025/east-north-central/appleton-wi/
Grand Entrance | Fiberglass,https://www.jlconline.com/cost-vs-value/2025/east-north-central/appleton-wi/,11754,https://www.jlconline.com/cost-vs-value/2025/national/,East North Central,https://www.jlconline.com/cost-vs-value/2025/east-north-central/appleton-wi/,11591,https://www.jlconline.com/cost-vs-value/2025/east-north-central/appleton-wi/
Window Replacement | Wood,https://www.jlconline.com/cost-vs-value/2025/east-north-central/appleton-wi/,26781,https://www.jlconline.com/cost-vs-value/2025/national/,"Appleton, Wisconsin",https://www.jlconline.com/cost-vs-value/2025/east-north-central/appleton-wi/,25342,https://www.jlconline.com/cost-vs-value/2025/east-north-central/appleton-wi/
Window Replacement | Wood,https://www.jlconline.com/cost-vs-value/2025/east-north-central/appleton-wi/,26781,https://www.jlconline.com/cost-vs-value/2025/national/,East North Central,https://www.jlconline.com/cost-vs-value/2025/east-north-central/appleton-wi/,25750,https://www.jlconline.com/cost-vs-value/2025/east-north-central/appleton-wi/
Roofing Replacement | Asphalt Shingles,https://www.jlconline.com/cost-vs-value/2025/east-north-central/appleton-wi/,31871,https://www.jlconline.com/cost-vs-value/2025/national/,"Appleton, Wisconsin",https://www.jlconline.com/cost-vs-value/2025/east-north-central/appleton-wi/,26765,https://www.jlconline.com/cost-vs-value/2025/east-north-central/appleton-wi/
Roofing Replacement | Asphalt Shingles,https://www.jlconline.com/cost-vs-value/2025/east-north-central/appleton-wi/,31871,https://www.jlconline.com/cost-vs-value/2025/national/,East North Central,https://www.jlconline.com/cost-vs-value/2025/east-north-central/appleton-wi/,29253,https://www.jlconline.com/cost-vs-value/2025/east-north-central/appleton-wi/
Bath Remodel | Midrange,https://www.jlconline.com/cost-vs-value/2025/east-north-central/appleton-wi/,26138,https://www.jlconline.com/cost-vs-value/2025/national/,"Appleton, Wisconsin",https://www.jlconline.com/cost-vs-value/2025/east-north-central/appleton-wi/,24524,https://www.jlconline.com/cost-vs-value/2025/east-north-central/appleton-wi/
Bath Remodel | Midrange,https://www.jlconline.com/cost-vs-value/2025/east-north-central/appleton-wi/,26138,https://www.jlconline.com/cost-vs-value/2025/national/,East North Central,https://www.jlconline.com/cost-vs-value/2025/east-north-central/appleton-wi/,24910,https://www.jlconline.com/cost-vs-value/2025/east-north-central/appleton-wi/
Bath Remodel | Universal Design,https://www.jlconline.com/cost-vs-value/2025/east-north-central/appleton-wi/,42183,https://www.jlconline.com/cost-vs-value/2025/national/,"Appleton, Wisconsin",https://www.jlconline.com/cost-vs-value/2025/east-north-central/appleton-wi/,40212,https://www.jlconline.com/cost-vs-value/2025/east-north-central/appleton-wi/
Bath Remodel | Universal Design,https://www.jlconline.com/cost-vs-value/2025/east-north-central/appleton-wi/,42183,https://www.jlconline.com/cost-vs-value/2025/national/,East North Central,https://www.jlconline.com/cost-vs-value/2025/east-north-central/appleton-wi/,40855,https://www.jlconline.com/cost-vs-value/2025/east-north-central/appleton-wi/
Bathroom Addition | Midrange,https://www.jlconline.com/cost-vs-value/2025/east-north-central/appleton-wi/,60645,https://www.jlconline.com/cost-vs-value/2025/national/,"Appleton, Wisconsin",https://www.jlconline.com/cost-vs-value/2025/east-north-central/appleton-wi/,56148,https://www.jlconline.com/cost-vs-value/2025/east-north-central/appleton-wi/
Bathroom Addition | Midrange,https://www.jlconline.com/cost-vs-value/2025/east-north-central/appleton-wi/,60645,https://www.jlconline.com/cost-vs-value/2025/national/,East North Central,https://www.jlconline.com/cost-vs-value/2025/east-north-central/appleton-wi/,57427,https://www.jlconline.com/cost-vs-value/2025/east-north-central/appleton-wi/
Major Kitchen Remodel | Midrange,https://www.jlconline.com/cost-vs-value/2025/east-north-central/appleton-wi/,82793,https://www.jlconline.com/cost-vs-value/2025/national/,"Appleton, Wisconsin",https://www.jlconline.com/cost-vs-value/2025/east-north-central/appleton-wi/,83078,https://www.jlconline.com/cost-vs-value/2025/east-north-central/appleton-wi/
Major Kitchen Remodel | Midrange,https://www.jlconline.com/cost-vs-value/2025/east-north-central/appleton-wi/,82793,https://www.jlconline.com/cost-vs-value/2025/national/,East North Central,https://www.jlconline.com/cost-vs-value/2025/east-north-central/appleton-wi/,83113,https://www.jlconline.com/cost-vs-value/2025/east-north-central/appleton-wi/
Roofing Replacement | Metal,https://www.jlconline.com/cost-vs-value/2025/east-north-central/appleton-wi/,51865,https://www.jlconline.com/cost-vs-value/2025/national/,"Appleton, Wisconsin",https://www.jlconline.com/cost-vs-value/2025/east-north-central/appleton-wi/,43529,https://www.jlconline.com/cost-vs-value/2025/east-north-central/appleton-wi/
Roofing Replacement | Metal,https://www.jlconline.com/cost-vs-value/2025/east-north-central/appleton-wi/,51865,https://www.jlconline.com/cost-vs-value/2025/national/,East North Central,https://www.jlconline.com/cost-vs-value/2025/east-north-central/appleton-wi/,47473,https://www.jlconline.com/cost-vs-value/2025/east-north-central/appleton-wi/
Accessory Dwelling Unit,https://www.jlconline.com/cost-vs-value/2025/east-north-central/appleton-wi/,166406,https://www.jlconline.com/cost-vs-value/2025/national/,"Appleton, Wisconsin",https://www.jlconline.com/cost-vs-value/2025/east-north-central/appleton-wi/,149548,https://www.jlconline.com/cost-vs-value/2025/east-north-central/appleton-wi/
Accessory Dwelling Unit,https://www.jlconline.com/cost-vs-value/2025/east-north-central/appleton-wi/,166406,https://www.jlconline.com/cost-vs-value/2025/national/,East North Central,https://www.jlconline.com/cost-vs-value/2025/east-north-central/appleton-wi/,157758,https://www.jlconline.com/cost-vs-value/2025/east-north-central/appleton-wi/
HVAC Conversion | Electrification,https://www.jlconline.com/cost-vs-value/2025/east-north-central/appleton-wi/,19484,https://www.jlconline.com/cost-vs-value/2025/national/,"Appleton, Wisconsin",https://www.jlconline.com/cost-vs-value/2025/east-north-central/appleton-wi/,18068,https://www.jlconline.com/cost-vs-value/2025/east-north-central/appleton-wi/
HVAC Conversion | Electrification,https://www.jlconline.com/cost-vs-value/2025/east-north-central/appleton-wi/,19484,https://www.jlconline.com/cost-vs-value/2025/national/,East North Central,https://www.jlconline.com/cost-vs-value/2025/east-north-central/appleton-wi/,18669,https://www.jlconline.com/cost-vs-value/2025/east-north-central/appleton-wi/
Bathroom Addition | Upscale,https://www.jlconline.com/cost-vs-value/2025/east-north-central/appleton-wi/,111255,https://www.jlconline.com/cost-vs-value/2025/national/,"Appleton, Wisconsin",https://www.jlconline.com/cost-vs-value/2025/east-north-central/appleton-wi/,103772,https://www.jlconline.com/cost-vs-value/2025/east-north-central/appleton-wi/
Bathroom Addition | Upscale,https://www.jlconline.com/cost-vs-value/2025/east-north-central/appleton-wi/,111255,https://www.jlconline.com/cost-vs-value/2025/national/,East North Central,https://www.jlconline.com/cost-vs-value/2025/east-north-central/appleton-wi/,105577,https://www.jlconline.com/cost-vs-value/2025/east-north-central/appleton-wi/
Bath Remodel | Upscale,https://www.jlconline.com/cost-vs-value/2025/east-north-central/appleton-wi/,81612,https://www.jlconline.com/cost-vs-value/2025/national/,"Appleton, Wisconsin",https://www.jlconline.com/cost-vs-value/2025/east-north-central/appleton-wi/,77841,https://www.jlconline.com/cost-vs-value/2025/east-north-central/appleton-wi/
Bath Remodel | Upscale,https://www.jlconline.com/cost-vs-value/2025/east-north-central/appleton-wi/,81612,https://www.jlconline.com/cost-vs-value/2025/national/,East North Central,https://www.jlconline.com/cost-vs-value/2025/east-north-central/appleton-wi/,78684,https://www.jlconline.com/cost-vs-value/2025/east-north-central/appleton-wi/
Primary Suite Addition | Midrange,https://www.jlconline.com/cost-vs-value/2025/east-north-central/appleton-wi/,170517,https://www.jlconline.com/cost-vs-value/2025/national/,"Appleton, Wisconsin",https://www.jlconline.com/cost-vs-value/2025/east-north-central/appleton-wi/,153291,https://www.jlconline.com/cost-vs-value/2025/east-north-central/appleton-wi/
Primary Suite Addition | Midrange,https://www.jlconline.com/cost-vs-value/2025/east-north-central/appleton-wi/,170517,https://www.jlconline.com/cost-vs-value/2025/national/,East North Central,https://www.jlconline.com/cost-vs-value/2025/east-north-central/appleton-wi/,160572,https://www.jlconline.com/cost-vs-value/2025/east-north-central/appleton-wi/
Major Kitchen Remodel | Upscale,https://www.jlconline.com/cost-vs-value/2025/east-north-central/appleton-wi/,164104,https://www.jlconline.com/cost-vs-value/2025/national/,"Appleton, Wisconsin",https://www.jlconline.com/cost-vs-value/2025/east-north-central/appleton-wi/,160328,https://www.jlconline.com/cost-vs-value/2025/east-north-central/appleton-wi/
Major Kitchen Remodel | Upscale,https://www.jlconline.com/cost-vs-value/2025/east-north-central/appleton-wi/,164104,https://www.jlconline.com/cost-vs-value/2025/national/,East North Central,https://www.jlconline.com/cost-vs-value/2025/east-north-central/appleton-wi/,160333,https://www.jlconline.com/cost-vs-value/2025/east-north-central/appleton-wi/
Solar Power Installation,https://www.jlconline.com/cost-vs-value/2025/east-north-central/appleton-wi/,55937,https://www.jlconline.com/cost-vs-value/2025/national/,"Appleton, Wisconsin",https://www.jlconline.com/cost-vs-value/2025/east-north-central/appleton-wi/,49258,https://www.jlconline.com/cost-vs-value/2025/east-north-central/appleton-wi/
Solar Power Installation,https://www.jlconline.com/cost-vs-value/2025/east-north-central/appleton-wi/,55937,https://www.jlconline.com/cost-vs-value/2025/national/,East North Central,https://www.jlconline.com/cost-vs-value/2025/east-north-central/appleton-wi/,52869,https://www.jlconline.com/cost-vs-value/2025/east-north-central/appleton-wi/
Primary Suite Addition | Upscale,https://www.jlconline.com/cost-vs-value/2025/east-north-central/appleton-wi/,351613,https://www.jlconline.com/cost-vs-value/2025/national/,"Appleton, Wisconsin",https://www.jlconline.com/cost-vs-value/2025/east-north-central/appleton-wi/,315486,https://www.jlconline.com/cost-vs-value/2025/east-north-central/appleton-wi/
Primary Suite Addition | Upscale,https://www.jlconline.com/cost-vs-value/2025/east-north-central/appleton-wi/,351613,https://www.jlconline.com/cost-vs-value/2025/national/,East North Central,https://www.jlconline.com/cost-vs-value/2025/east-north-central/appleton-wi/,329084,https://www.jlconline.com/cost-vs-value/2025/east-north-central/appleton-wi/
Garage Door Replacement,https://www.jlconline.com/cost-vs-value/2025/new-england/boston-ma/,4672,https://www.jlconline.com/cost-vs-value/2025/national/,"Boston, Massachusetts",https://www.jlconline.com/cost-vs-value/2025/new-england/boston-ma/,4312,https://www.jlconline.com/cost-vs-value/2025/new-england/boston-ma/
Garage Door Replacement,https://www.jlconline.com/cost-vs-value/2025/new-england/boston-ma/,4672,https://www.jlconline.com/cost-vs-value/2025/national/,New England,https://www.jlconline.com/cost-vs-value/2025/new-england/boston-ma/,4317,https://www.jlconline.com/cost-vs-value/2025/new-england/boston-ma/
Entry Door Replacement | Steel,https://www.jlconline.com/cost-vs-value/2025/new-england/boston-ma/,2435,https://www.jlconline.com/cost-vs-value/2025/national/,"Boston, Massachusetts",https://www.jlconline.com/cost-vs-value/2025/new-england/boston-ma/,2549,https://www.jlconline.com/cost-vs-value/2025/new-england/boston-ma/
Entry Door Replacement | Steel,https://www.jlconline.com/cost-vs-value/2025/new-england/boston-ma/,2435,https://www.jlconline.com/cost-vs-value/2025/national/,New England,https://www.jlconline.com/cost-vs-value/2025/new-england/boston-ma/,2547,https://www.jlconline.com/cost-vs-value/2025/new-england/boston-ma/
Manufactured Stone Veneer,https://www.jlconline.com/cost-vs-value/2025/new-england/boston-ma/,11702,https://www.jlconline.com/cost-vs-value/2025/national/,"Boston, Massachusetts",https://www.jlconline.com/cost-vs-value/2025/new-england/boston-ma/,13085,https://www.jlconline.com/cost-vs-value/2025/new-england/boston-ma/
Manufactured Stone Veneer,https://www.jlconline.com/cost-vs-value/2025/new-england/boston-ma/,11702,https://www.jlconline.com/cost-vs-value/2025/national/,New England,https://www.jlconline.com/cost-vs-value/2025/new-england/boston-ma/,13045,https://www.jlconline.com/cost-vs-value/2025/new-england/boston-ma/
Minor Kitchen Remodel | Midrange,https://www.jlconline.com/cost-vs-value/2025/new-england/boston-ma/,28458,https://www.jlconline.com/cost-vs-value/2025/national/,"Boston, Massachusetts",https://www.jlconline.com/cost-vs-value/2025/new-england/boston-ma/,28991,https://www.jlconline.com/cost-vs-value/2025/new-england/boston-ma/
Minor Kitchen Remodel | Midrange,https://www.jlconline.com/cost-vs-value/2025/new-england/boston-ma/,28458,https://www.jlconline.com/cost-vs-value/2025/national/,New England,https://www.jlconline.com/cost-vs-value/2025/new-england/boston-ma/,28936,https://www.jlconline.com/cost-vs-value/2025/new-england/boston-ma/
Siding Replacement | Fiber-Cement,https://www.jlconline.com/cost-vs-value/2025/new-england/boston-ma/,21485,https://www.jlconline.com/cost-vs-value/2025/national/,"Boston, Massachusetts",https://www.jlconline.com/cost-vs-value/2025/new-england/boston-ma/,20568,https://www.jlconline.com/cost-vs-value/2025/new-england/boston-ma/
Siding Replacement | Fiber-Cement,https://www.jlconline.com/cost-vs-value/2025/new-england/boston-ma/,21485,https://www.jlconline.com/cost-vs-value/2025/national/,New England,https://www.jlconline.com/cost-vs-value/2025/new-england/boston-ma/,20678,https://www.jlconline.com/cost-vs-value/2025/new-england/boston-ma/
Backup Power Generator,https://www.jlconline.com/cost-vs-value/2025/new-england/boston-ma/,13534,https://www.jlconline.com/cost-vs-value/2025/national/,"Boston, Massachusetts",https://www.jlconline.com/cost-vs-value/2025/new-england/boston-ma/,14548,https://www.jlconline.com/cost-vs-value/2025/new-england/boston-ma/
Backup Power Generator,https://www.jlconline.com/cost-vs-value/2025/new-england/boston-ma/,13534,https://www.jlconline.com/cost-vs-value/2025/national/,New England,https://www.jlconline.com/cost-vs-value/2025/new-england/boston-ma/,14292,https://www.jlconline.com/cost-vs-value/2025/new-england/boston-ma/
Siding Replacement | Vinyl,https://www.jlconline.com/cost-vs-value/2025/new-england/boston-ma/,17950,https://www.jlconline.com/cost-vs-value/2025/national/,"Boston, Massachusetts",https://www.jlconline.com/cost-vs-value/2025/new-england/boston-ma/,17523,https://www.jlconline.com/cost-vs-value/2025/new-england/boston-ma/
Siding Replacement | Vinyl,https://www.jlconline.com/cost-vs-value/2025/new-england/boston-ma/,17950,https://www.jlconline.com/cost-vs-value/2025/national/,New England,https://www.jlconline.com/cost-vs-value/2025/new-england/boston-ma/,17590,https://www.jlconline.com/cost-vs-value/2025/new-england/boston-ma/
HVAC Conversion | Electrification,https://www.jlconline.com/cost-vs-value/2025/new-england/boston-ma/,19484,https://www.jlconline.com/cost-vs-value/2025/national/,"Boston, Massachusetts",https://www.jlconline.com/cost-vs-value/2025/new-england/boston-ma/,22446,https://www.jlconline.com/cost-vs-value/2025/new-england/boston-ma/
HVAC Conversion | Electrification,https://www.jlconline.com/cost-vs-value/2025/new-england/boston-ma/,19484,https://www.jlconline.com/cost-vs-value/2025/national/,New England,https://www.jlconline.com/cost-vs-value/2025/new-england/boston-ma/,22177,https://www.jlconline.com/cost-vs-value/2025/new-england/boston-ma/
Deck Addition | Composite,https://www.jlconline.com/cost-vs-value/2025/new-england/boston-ma/,25096,https://www.jlconline.com/cost-vs-value/2025/national/,"Boston, Massachusetts",https://www.jlconline.com/cost-vs-value/2025/new-england/boston-ma/,25806,https://www.jlconline.com/cost-vs-value/2025/new-england/boston-ma/
Deck Addition | Composite,https://www.jlconline.com/cost-vs-value/2025/new-england/boston-ma/,25096,https://www.jlconline.com/cost-vs-value/2025/national/,New England,https://www.jlconline.com/cost-vs-value/2025/new-england/boston-ma/,25817,https://www.jlconline.com/cost-vs-value/2025/new-england/boston-ma/
Window Replacement | Vinyl,https://www.jlconline.com/cost-vs-value/2025/new-england/boston-ma/,22073,https://www.jlconline.com/cost-vs-value/2025/national/,"Boston, Massachusetts",https://www.jlconline.com/cost-vs-value/2025/new-england/boston-ma/,21977,https://www.jlconline.com/cost-vs-value/2025/new-england/boston-ma/
Window Replacement | Vinyl,https://www.jlconline.com/cost-vs-value/2025/new-england/boston-ma/,22073,https://www.jlconline.com/cost-vs-value/2025/national/,New England,https://www.jlconline.com/cost-vs-value/2025/new-england/boston-ma/,21922,https://www.jlconline.com/cost-vs-value/2025/new-england/boston-ma/
Window Replacement | Wood,https://www.jlconline.com/cost-vs-value/2025/new-england/boston-ma/,26781,https://www.jlconline.com/cost-vs-value/2025/national/,"Boston, Massachusetts",https://www.jlconline.com/cost-vs-value/2025/new-england/boston-ma/,27311,https://www.jlconline.com/cost-vs-value/2025/new-england/boston-ma/
Window Replacement | Wood,https://www.jlconline.com/cost-vs-value/2025/new-england/boston-ma/,26781,https://www.jlconline.com/cost-vs-value/2025/national/,New England,https://www.jlconline.com/cost-vs-value/2025/new-england/boston-ma/,27226,https://www.jlconline.com/cost-vs-value/2025/new-england/boston-ma/
Deck Addition | Wood,https://www.jlconline.com/cost-vs-value/2025/new-england/boston-ma/,18263,https://www.jlconline.com/cost-vs-value/2025/national/,"Boston, Massachusetts",https://www.jlconline.com/cost-vs-value/2025/new-england/boston-ma/,20594,https://www.jlconline.com/cost-vs-value/2025/new-england/boston-ma/
Deck Addition | Wood,https://www.jlconline.com/cost-vs-value/2025/new-england/boston-ma/,18263,https://www.jlconline.com/cost-vs-value/2025/national/,New England,https://www.jlconline.com/cost-vs-value/2025/new-england/boston-ma/,20603,https://www.jlconline.com/cost-vs-value/2025/new-england/boston-ma/
Bath Remodel | Midrange,https://www.jlconline.com/cost-vs-value/2025/new-england/boston-ma/,26138,https://www.jlconline.com/cost-vs-value/2025/national/,"Boston, Massachusetts",https://www.jlconline.com/cost-vs-value/2025/new-england/boston-ma/,27681,https://www.jlconline.com/cost-vs-value/2025/new-england/boston-ma/
Bath Remodel | Midrange,https://www.jlconline.com/cost-vs-value/2025/new-england/boston-ma/,26138,https://www.jlconline.com/cost-vs-value/2025/national/,New England,https://www.jlconline.com/cost-vs-value/2025/new-england/boston-ma/,27559,https://www.jlconline.com/cost-vs-value/2025/new-england/boston-ma/
Grand Entrance | Fiberglass,https://www.jlconline.com/cost-vs-value/2025/new-england/boston-ma/,11754,https://www.jlconline.com/cost-vs-value/2025/national/,"Boston, Massachusetts",https://www.jlconline.com/cost-vs-value/2025/new-england/boston-ma/,11957,https://www.jlconline.com/cost-vs-value/2025/new-england/boston-ma/
Grand Entrance | Fiberglass,https://www.jlconline.com/cost-vs-value/2025/new-england/boston-ma/,11754,https://www.jlconline.com/cost-vs-value/2025/national/,New England,https://www.jlconline.com/cost-vs-value/2025/new-england/boston-ma/,11953,https://www.jlconline.com/cost-vs-value/2025/new-england/boston-ma/
Basement Remodel,https://www.jlconline.com/cost-vs-value/2025/new-england/boston-ma/,52012,https://www.jlconline.com/cost-vs-value/2025/national/,"Boston, Massachusetts",https://www.jlconline.com/cost-vs-value/2025/new-england/boston-ma/,54949,https://www.jlconline.com/cost-vs-value/2025/new-england/boston-ma/
Basement Remodel,https://www.jlconline.com/cost-vs-value/2025/new-england/boston-ma/,52012,https://www.jlconline.com/cost-vs-value/2025/national/,New England,https://www.jlconline.com/cost-vs-value/2025/new-england/boston-ma/,54505,https://www.jlconline.com/cost-vs-value/2025/new-england/boston-ma/
Roofing Replacement | Asphalt Shingles,https://www.jlconline.com/cost-vs-value/2025/new-england/boston-ma/,31871,https://www.jlconline.com/cost-vs-value/2025/national/,"Boston, Massachusetts",https://www.jlconline.com/cost-vs-value/2025/new-england/boston-ma/,35658,https://www.jlconline.com/cost-vs-value/2025/new-england/boston-ma/
Roofing Replacement | Asphalt Shingles,https://www.jlconline.com/cost-vs-value/2025/new-england/boston-ma/,31871,https://www.jlconline.com/cost-vs-value/2025/national/,New England,https://www.jlconline.com/cost-vs-value/2025/new-england/boston-ma/,35701,https://www.jlconline.com/cost-vs-value/2025/new-england/boston-ma/
Bath Remodel | Universal Design,https://www.jlconline.com/cost-vs-value/2025/new-england/boston-ma/,42183,https://www.jlconline.com/cost-vs-value/2025/national/,"Boston, Massachusetts",https://www.jlconline.com/cost-vs-value/2025/new-england/boston-ma/,43256,https://www.jlconline.com/cost-vs-value/2025/new-england/boston-ma/
Bath Remodel | Universal Design,https://www.jlconline.com/cost-vs-value/2025/new-england/boston-ma/,42183,https://www.jlconline.com/cost-vs-value/2025/national/,New England,https://www.jlconline.com/cost-vs-value/2025/new-england/boston-ma/,43119,https://www.jlconline.com/cost-vs-value/2025/new-england/boston-ma/
Backyard Patio,https://www.jlconline.com/cost-vs-value/2025/new-england/boston-ma/,51454,https://www.jlconline.com/cost-vs-value/2025/national/,"Boston, Massachusetts",https://www.jlconline.com/cost-vs-value/2025/new-england/boston-ma/,53526,https://www.jlconline.com/cost-vs-value/2025/new-england/boston-ma/
Backyard Patio,https://www.jlconline.com/cost-vs-value/2025/new-england/boston-ma/,51454,https://www.jlconline.com/cost-vs-value/2025/national/,New England,https://www.jlconline.com/cost-vs-value/2025/new-england/boston-ma/,53455,https://www.jlconline.com/cost-vs-value/2025/new-england/boston-ma/
Bathroom Addition | Midrange,https://www.jlconline.com/cost-vs-value/2025/new-england/boston-ma/,60645,https://www.jlconline.com/cost-vs-value/2025/national/,"Boston, Massachusetts",https://www.jlconline.com/cost-vs-value/2025/new-england/boston-ma/,64220,https://www.jlconline.com/cost-vs-value/2025/new-england/boston-ma/
Bathroom Addition | Midrange,https://www.jlconline.com/cost-vs-value/2025/new-england/boston-ma/,60645,https://www.jlconline.com/cost-vs-value/2025/national/,New England,https://www.jlconline.com/cost-vs-value/2025/new-england/boston-ma/,63783,https://www.jlconline.com/cost-vs-value/2025/new-england/boston-ma/
Major Kitchen Remodel | Midrange,https://www.jlconline.com/cost-vs-value/2025/new-england/boston-ma/,82793,https://www.jlconline.com/cost-vs-value/2025/national/,"Boston, Massachusetts",https://www.jlconline.com/cost-vs-value/2025/new-england/boston-ma/,84331,https://www.jlconline.com/cost-vs-value/2025/new-england/boston-ma/
Major Kitchen Remodel | Midrange,https://www.jlconline.com/cost-vs-value/2025/new-england/boston-ma/,82793,https://www.jlconline.com/cost-vs-value/2025/national/,New England,https://www.jlconline.com/cost-vs-value/2025/new-england/boston-ma/,84000,https://www.jlconline.com/cost-vs-value/2025/new-england/boston-ma/
Roofing Replacement | Metal,https://www.jlconline.com/cost-vs-value/2025/new-england/boston-ma/,51865,https://www.jlconline.com/cost-vs-value/2025/national/,"Boston, Massachusetts",https://www.jlconline.com/cost-vs-value/2025/new-england/boston-ma/,56042,https://www.jlconline.com/cost-vs-value/2025/new-england/boston-ma/
Roofing Replacement | Metal,https://www.jlconline.com/cost-vs-value/2025/new-england/boston-ma/,51865,https://www.jlconline.com/cost-vs-value/2025/national/,New England,https://www.jlconline.com/cost-vs-value/2025/new-england/boston-ma/,56282,https://www.jlconline.com/cost-vs-value/2025/new-england/boston-ma/
Accessory Dwelling Unit,https://www.jlconline.com/cost-vs-value/2025/new-england/boston-ma/,166406,https://www.jlconline.com/cost-vs-value/2025/national/,"Boston, Massachusetts",https://www.jlconline.com/cost-vs-value/2025/new-england/boston-ma/,175692,https://www.jlconline.com/cost-vs-value/2025/new-england/boston-ma/
Accessory Dwelling Unit,https://www.jlconline.com/cost-vs-value/2025/new-england/boston-ma/,166406,https://www.jlconline.com/cost-vs-value/2025/national/,New England,https://www.jlconline.com/cost-vs-value/2025/new-england/boston-ma/,173734,https://www.jlconline.com/cost-vs-value/2025/new-england/boston-ma/
Primary Suite Addition | Midrange,https://www.jlconline.com/cost-vs-value/2025/new-england/boston-ma/,170517,https://www.jlconline.com/cost-vs-value/2025/national/,"Boston, Massachusetts",https://www.jlconline.com/cost-vs-value/2025/new-england/boston-ma/,183267,https://www.jlconline.com/cost-vs-value/2025/new-england/boston-ma/
Primary Suite Addition | Midrange,https://www.jlconline.com/cost-vs-value/2025/new-england/boston-ma/,170517,https://www.jlconline.com/cost-vs-value/2025/national/,New England,https://www.jlconline.com/cost-vs-value/2025/new-england/boston-ma/,181780,https://www.jlconline.com/cost-vs-value/2025/new-england/boston-ma/
Bath Remodel | Upscale,https://www.jlconline.com/cost-vs-value/2025/new-england/boston-ma/,81612,https://www.jlconline.com/cost-vs-value/2025/national/,"Boston, Massachusetts",https://www.jlconline.com/cost-vs-value/2025/new-england/boston-ma/,84165,https://www.jlconline.com/cost-vs-value/2025/new-england/boston-ma/
Bath Remodel | Upscale,https://www.jlconline.com/cost-vs-value/2025/new-england/boston-ma/,81612,https://www.jlconline.com/cost-vs-value/2025/national/,New England,https://www.jlconline.com/cost-vs-value/2025/new-england/boston-ma/,83877,https://www.jlconline.com/cost-vs-value/2025/new-england/boston-ma/
Bathroom Addition | Upscale,https://www.jlconline.com/cost-vs-value/2025/new-england/boston-ma/,111255,https://www.jlconline.com/cost-vs-value/2025/national/,"Boston, Massachusetts",https://www.jlconline.com/cost-vs-value/2025/new-england/boston-ma/,116910,https://www.jlconline.com/cost-vs-value/2025/new-england/boston-ma/
Bathroom Addition | Upscale,https://www.jlconline.com/cost-vs-value/2025/new-england/boston-ma/,111255,https://www.jlconline.com/cost-vs-value/2025/national/,New England,https://www.jlconline.com/cost-vs-value/2025/new-england/boston-ma/,116146,https://www.jlconline.com/cost-vs-value/2025/new-england/boston-ma/
Solar Power Installation,https://www.jlconline.com/cost-vs-value/2025/new-england/boston-ma/,55937,https://www.jlconline.com/cost-vs-value/2025/national/,"Boston, Massachusetts",https://www.jlconline.com/cost-vs-value/2025/new-england/boston-ma/,59366,https://www.jlconline.com/cost-vs-value/2025/new-england/boston-ma/
Solar Power Installation,https://www.jlconline.com/cost-vs-value/2025/new-england/boston-ma/,55937,https://www.jlconline.com/cost-vs-value/2025/national/,New England,https://www.jlconline.com/cost-vs-value/2025/new-england/boston-ma/,58913,https://www.jlconline.com/cost-vs-value/2025/new-england/boston-ma/
Major Kitchen Remodel | Upscale,https://www.jlconline.com/cost-vs-value/2025/new-england/boston-ma/,164104,https://www.jlconline.com/cost-vs-value/2025/national/,"Boston, Massachusetts",https://www.jlconline.com/cost-vs-value/2025/new-england/boston-ma/,173271,https://www.jlconline.com/cost-vs-value/2025/new-england/boston-ma/
Major Kitchen Remodel | Upscale,https://www.jlconline.com/cost-vs-value/2025/new-england/boston-ma/,164104,https://www.jlconline.com/cost-vs-value/2025/national/,New England,https://www.jlconline.com/cost-vs-value/2025/new-england/boston-ma/,172718,https://www.jlconline.com/cost-vs-value/2025/new-england/boston-ma/
Primary Suite Addition | Upscale,https://www.jlconline.com/cost-vs-value/2025/new-england/boston-ma/,351613,https://www.jlconline.com/cost-vs-value/2025/national/,"Boston, Massachusetts",https://www.jlconline.com/cost-vs-value/2025/new-england/boston-ma/,379392,https://www.jlconline.com/cost-vs-value/2025/new-england/boston-ma/
Primary Suite Addition | Upscale,https://www.jlconline.com/cost-vs-value/2025/new-england/boston-ma/,351613,https://www.jlconline.com/cost-vs-value/2025/national/,New England,https://www.jlconline.com/cost-vs-value/2025/new-england/boston-ma/,374737,https://www.jlconline.com/cost-vs-value/2025/new-england/boston-ma/
Garage Door Replacement,https://www.jlconline.com/cost-vs-value/2025/mountain/albuquerque-nm/,4672,https://www.jlconline.com/cost-vs-value/2025/national/,"Albuquerque, New Mexico",https://www.jlconline.com/cost-vs-value/2025/mountain/albuquerque-nm/,4856,https://www.jlconline.com/cost-vs-value/2025/mountain/albuquerque-nm/
Garage Door Replacement,https://www.jlconline.com/cost-vs-value/2025/mountain/albuquerque-nm/,4672,https://www.jlconline.com/cost-vs-value/2025/national/,Mountain,https://www.jlconline.com/cost-vs-value/2025/mountain/albuquerque-nm/,4968,https://www.jlconline.com/cost-vs-value/2025/mountain/albuquerque-nm/
Deck Addition | Wood,https://www.jlconline.com/cost-vs-value/2025/mountain/albuquerque-nm/,18263,https://www.jlconline.com/cost-vs-value/2025/national/,"Albuquerque, New Mexico",https://www.jlconline.com/cost-vs-value/2025/mountain/albuquerque-nm/,16345,https://www.jlconline.com/cost-vs-value/2025/mountain/albuquerque-nm/
Deck Addition | Wood,https://www.jlconline.com/cost-vs-value/2025/mountain/albuquerque-nm/,18263,https://www.jlconline.com/cost-vs-value/2025/national/,Mountain,https://www.jlconline.com/cost-vs-value/2025/mountain/albuquerque-nm/,18253,https://www.jlconline.com/cost-vs-value/2025/mountain/albuquerque-nm/
Minor Kitchen Remodel | Midrange,https://www.jlconline.com/cost-vs-value/2025/mountain/albuquerque-nm/,28458,https://www.jlconline.com/cost-vs-value/2025/national/,"Albuquerque, New Mexico",https://www.jlconline.com/cost-vs-value/2025/mountain/albuquerque-nm/,27378,https://www.jlconline.com/cost-vs-value/2025/mountain/albuquerque-nm/
Minor Kitchen Remodel | Midrange,https://www.jlconline.com/cost-vs-value/2025/mountain/albuquerque-nm/,28458,https://www.jlconline.com/cost-vs-value/2025/national/,Mountain,https://www.jlconline.com/cost-vs-value/2025/mountain/albuquerque-nm/,28490,https://www.jlconline.com/cost-vs-value/2025/mountain/albuquerque-nm/
Manufactured Stone Veneer,https://www.jlconline.com/cost-vs-value/2025/mountain/albuquerque-nm/,11702,https://www.jlconline.com/cost-vs-value/2025/national/,"Albuquerque, New Mexico",https://www.jlconline.com/cost-vs-value/2025/mountain/albuquerque-nm/,11751,https://www.jlconline.com/cost-vs-value/2025/mountain/albuquerque-nm/
Manufactured Stone Veneer,https://www.jlconline.com/cost-vs-value/2025/mountain/albuquerque-nm/,11702,https://www.jlconline.com/cost-vs-value/2025/national/,Mountain,https://www.jlconline.com/cost-vs-value/2025/mountain/albuquerque-nm/,11991,https://www.jlconline.com/cost-vs-value/2025/mountain/albuquerque-nm/
Deck Addition | Composite,https://www.jlconline.com/cost-vs-value/2025/mountain/albuquerque-nm/,25096,https://www.jlconline.com/cost-vs-value/2025/national/,"Albuquerque, New Mexico",https://www.jlconline.com/cost-vs-value/2025/mountain/albuquerque-nm/,23621,https://www.jlconline.com/cost-vs-value/2025/mountain/albuquerque-nm/
Deck Addition | Composite,https://www.jlconline.com/cost-vs-value/2025/mountain/albuquerque-nm/,25096,https://www.jlconline.com/cost-vs-value/2025/national/,Mountain,https://www.jlconline.com/cost-vs-value/2025/mountain/albuquerque-nm/,26342,https://www.jlconline.com/cost-vs-value/2025/mountain/albuquerque-nm/
Siding Replacement | Fiber-Cement,https://www.jlconline.com/cost-vs-value/2025/mountain/albuquerque-nm/,21485,https://www.jlconline.com/cost-vs-value/2025/national/,"Albuquerque, New Mexico",https://www.jlconline.com/cost-vs-value/2025/mountain/albuquerque-nm/,22427,https://www.jlconline.com/cost-vs-value/2025/mountain/albuquerque-nm/
Siding Replacement | Fiber-Cement,https://www.jlconline.com/cost-vs-value/2025/mountain/albuquerque-nm/,21485,https://www.jlconline.com/cost-vs-value/2025/national/,Mountain,https://www.jlconline.com/cost-vs-value/2025/mountain/albuquerque-nm/,19455,https://www.jlconline.com/cost-vs-value/2025/mountain/albuquerque-nm/
HVAC Conversion | Electrification,https://www.jlconline.com/cost-vs-value/2025/mountain/albuquerque-nm/,19484,https://www.jlconline.com/cost-vs-value/2025/national/,"Albuquerque, New Mexico",https://www.jlconline.com/cost-vs-value/2025/mountain/albuquerque-nm/,19464,https://www.jlconline.com/cost-vs-value/2025/mountain/albuquerque-nm/
HVAC Conversion | Electrification,https://www.jlconline.com/cost-vs-value/2025/mountain/albuquerque-nm/,19484,https://www.jlconline.com/cost-vs-value/2025/national/,Mountain,https://www.jlconline.com/cost-vs-value/2025/mountain/albuquerque-nm/,17886,https://www.jlconline.com/cost-vs-value/2025/mountain/albuquerque-nm/
Window Replacement | Wood,https://www.jlconline.com/cost-vs-value/2025/mountain/albuquerque-nm/,26781,https://www.jlconline.com/cost-vs-value/2025/national/,"Albuquerque, New Mexico",https://www.jlconline.com/cost-vs-value/2025/mountain/albuquerque-nm/,25777,https://www.jlconline.com/cost-vs-value/2025/mountain/albuquerque-nm/
Window Replacement | Wood,https://www.jlconline.com/cost-vs-value/2025/mountain/albuquerque-nm/,26781,https://www.jlconline.com/cost-vs-value/2025/national/,Mountain,https://www.jlconline.com/cost-vs-value/2025/mountain/albuquerque-nm/,26322,https://www.jlconline.com/cost-vs-value/2025/mountain/albuquerque-nm/
Window Replacement | Vinyl,https://www.jlconline.com/cost-vs-value/2025/mountain/albuquerque-nm/,22073,https://www.jlconline.com/cost-vs-value/2025/national/,"Albuquerque, New Mexico",https://www.jlconline.com/cost-vs-value/2025/mountain/albuquerque-nm/,20641,https://www.jlconline.com/cost-vs-value/2025/mountain/albuquerque-nm/
Window Replacement | Vinyl,https://www.jlconline.com/cost-vs-value/2025/mountain/albuquerque-nm/,22073,https://www.jlconline.com/cost-vs-value/2025/national/,Mountain,https://www.jlconline.com/cost-vs-value/2025/mountain/albuquerque-nm/,21165,https://www.jlconline.com/cost-vs-value/2025/mountain/albuquerque-nm/
Entry Door Replacement | Steel,https://www.jlconline.com/cost-vs-value/2025/mountain/albuquerque-nm/,2435,https://www.jlconline.com/cost-vs-value/2025/national/,"Albuquerque, New Mexico",https://www.jlconline.com/cost-vs-value/2025/mountain/albuquerque-nm/,2340,https://www.jlconline.com/cost-vs-value/2025/mountain/albuquerque-nm/
Entry Door Replacement | Steel,https://www.jlconline.com/cost-vs-value/2025/mountain/albuquerque-nm/,2435,https://www.jlconline.com/cost-vs-value/2025/national/,Mountain,https://www.jlconline.com/cost-vs-value/2025/mountain/albuquerque-nm/,2446,https://www.jlconline.com/cost-vs-value/2025/mountain/albuquerque-nm/
Siding Replacement | Vinyl,https://www.jlconline.com/cost-vs-value/2025/mountain/albuquerque-nm/,17950,https://www.jlconline.com/cost-vs-value/2025/national/,"Albuquerque, New Mexico",https://www.jlconline.com/cost-vs-value/2025/mountain/albuquerque-nm/,19262,https://www.jlconline.com/cost-vs-value/2025/mountain/albuquerque-nm/
Siding Replacement | Vinyl,https://www.jlconline.com/cost-vs-value/2025/mountain/albuquerque-nm/,17950,https://www.jlconline.com/cost-vs-value/2025/national/,Mountain,https://www.jlconline.com/cost-vs-value/2025/mountain/albuquerque-nm/,16979,https://www.jlconline.com/cost-vs-value/2025/mountain/albuquerque-nm/
Roofing Replacement | Asphalt Shingles,https://www.jlconline.com/cost-vs-value/2025/mountain/albuquerque-nm/,31871,https://www.jlconline.com/cost-vs-value/2025/national/,"Albuquerque, New Mexico",https://www.jlconline.com/cost-vs-value/2025/mountain/albuquerque-nm/,34115,https://www.jlconline.com/cost-vs-value/2025/mountain/albuquerque-nm/
Roofing Replacement | Asphalt Shingles,https://www.jlconline.com/cost-vs-value/2025/mountain/albuquerque-nm/,31871,https://www.jlconline.com/cost-vs-value/2025/national/,Mountain,https://www.jlconline.com/cost-vs-value/2025/mountain/albuquerque-nm/,28475,https://www.jlconline.com/cost-vs-value/2025/mountain/albuquerque-nm/
Bath Remodel | Midrange,https://www.jlconline.com/cost-vs-value/2025/mountain/albuquerque-nm/,26138,https://www.jlconline.com/cost-vs-value/2025/national/,"Albuquerque, New Mexico",https://www.jlconline.com/cost-vs-value/2025/mountain/albuquerque-nm/,25551,https://www.jlconline.com/cost-vs-value/2025/mountain/albuquerque-nm/
Bath Remodel | Midrange,https://www.jlconline.com/cost-vs-value/2025/mountain/albuquerque-nm/,26138,https://www.jlconline.com/cost-vs-value/2025/national/,Mountain,https://www.jlconline.com/cost-vs-value/2025/mountain/albuquerque-nm/,24920,https://www.jlconline.com/cost-vs-value/2025/mountain/albuquerque-nm/
Basement Remodel,https://www.jlconline.com/cost-vs-value/2025/mountain/albuquerque-nm/,52012,https://www.jlconline.com/cost-vs-value/2025/national/,"Albuquerque, New Mexico",https://www.jlconline.com/cost-vs-value/2025/mountain/albuquerque-nm/,51274,https://www.jlconline.com/cost-vs-value/2025/mountain/albuquerque-nm/
Basement Remodel,https://www.jlconline.com/cost-vs-value/2025/mountain/albuquerque-nm/,52012,https://www.jlconline.com/cost-vs-value/2025/national/,Mountain,https://www.jlconline.com/cost-vs-value/2025/mountain/albuquerque-nm/,49756,https://www.jlconline.com/cost-vs-value/2025/mountain/albuquerque-nm/
Backup Power Generator,https://www.jlconline.com/cost-vs-value/2025/mountain/albuquerque-nm/,13534,https://www.jlconline.com/cost-vs-value/2025/national/,"Albuquerque, New Mexico",https://www.jlconline.com/cost-vs-value/2025/mountain/albuquerque-nm/,13872,https://www.jlconline.com/cost-vs-value/2025/mountain/albuquerque-nm/
Backup Power Generator,https://www.jlconline.com/cost-vs-value/2025/mountain/albuquerque-nm/,13534,https://www.jlconline.com/cost-vs-value/2025/national/,Mountain,https://www.jlconline.com/cost-vs-value/2025/mountain/albuquerque-nm/,12481,https://www.jlconline.com/cost-vs-value/2025/mountain/albuquerque-nm/
Bath Remodel | Universal Design,https://www.jlconline.com/cost-vs-value/2025/mountain/albuquerque-nm/,42183,https://www.jlconline.com/cost-vs-value/2025/national/,"Albuquerque, New Mexico",https://www.jlconline.com/cost-vs-value/2025/mountain/albuquerque-nm/,41882,https://www.jlconline.com/cost-vs-value/2025/mountain/albuquerque-nm/
Bath Remodel | Universal Design,https://www.jlconline.com/cost-vs-value/2025/mountain/albuquerque-nm/,42183,https://www.jlconline.com/cost-vs-value/2025/national/,Mountain,https://www.jlconline.com/cost-vs-value/2025/mountain/albuquerque-nm/,40482,https://www.jlconline.com/cost-vs-value/2025/mountain/albuquerque-nm/
Roofing Replacement | Metal,https://www.jlconline.com/cost-vs-value/2025/mountain/albuquerque-nm/,51865,https://www.jlconline.com/cost-vs-value/2025/national/,"Albuquerque, New Mexico",https://www.jlconline.com/cost-vs-value/2025/mountain/albuquerque-nm/,58352,https://www.jlconline.com/cost-vs-value/2025/mountain/albuquerque-nm/
Roofing Replacement | Metal,https://www.jlconline.com/cost-vs-value/2025/mountain/albuquerque-nm/,51865,https://www.jlconline.com/cost-vs-value/2025/national/,Mountain,https://www.jlconline.com/cost-vs-value/2025/mountain/albuquerque-nm/,46579,https://www.jlconline.com/cost-vs-value/2025/mountain/albuquerque-nm/
Backyard Patio,https://www.jlconline.com/cost-vs-value/2025/mountain/albuquerque-nm/,51454,https://www.jlconline.com/cost-vs-value/2025/national/,"Albuquerque, New Mexico",https://www.jlconline.com/cost-vs-value/2025/mountain/albuquerque-nm/,50639,https://www.jlconline.com/cost-vs-value/2025/mountain/albuquerque-nm/
Backyard Patio,https://www.jlconline.com/cost-vs-value/2025/mountain/albuquerque-nm/,51454,https://www.jlconline.com/cost-vs-value/2025/national/,Mountain,https://www.jlconline.com/cost-vs-value/2025/mountain/albuquerque-nm/,52218,https://www.jlconline.com/cost-vs-value/2025/mountain/albuquerque-nm/
Grand Entrance | Fiberglass,https://www.jlconline.com/cost-vs-value/2025/mountain/albuquerque-nm/,11754,https://www.jlconline.com/cost-vs-value/2025/national/,"Albuquerque, New Mexico",https://www.jlconline.com/cost-vs-value/2025/mountain/albuquerque-nm/,11187,https://www.jlconline.com/cost-vs-value/2025/mountain/albuquerque-nm/
Grand Entrance | Fiberglass,https://www.jlconline.com/cost-vs-value/2025/mountain/albuquerque-nm/,11754,https://www.jlconline.com/cost-vs-value/2025/national/,Mountain,https://www.jlconline.com/cost-vs-value/2025/mountain/albuquerque-nm/,11326,https://www.jlconline.com/cost-vs-value/2025/mountain/albuquerque-nm/
Major Kitchen Remodel | Midrange,https://www.jlconline.com/cost-vs-value/2025/mountain/albuquerque-nm/,82793,https://www.jlconline.com/cost-vs-value/2025/national/,"Albuquerque, New Mexico",https://www.jlconline.com/cost-vs-value/2025/mountain/albuquerque-nm/,81004,https://www.jlconline.com/cost-vs-value/2025/mountain/albuquerque-nm/
Major Kitchen Remodel | Midrange,https://www.jlconline.com/cost-vs-value/2025/mountain/albuquerque-nm/,82793,https://www.jlconline.com/cost-vs-value/2025/national/,Mountain,https://www.jlconline.com/cost-vs-value/2025/mountain/albuquerque-nm/,81538,https://www.jlconline.com/cost-vs-value/2025/mountain/albuquerque-nm/
Bathroom Addition | Midrange,https://www.jlconline.com/cost-vs-value/2025/mountain/albuquerque-nm/,60645,https://www.jlconline.com/cost-vs-value/2025/national/,"Albuquerque, New Mexico",https://www.jlconline.com/cost-vs-value/2025/mountain/albuquerque-nm/,60310,https://www.jlconline.com/cost-vs-value/2025/mountain/albuquerque-nm/
Bathroom Addition | Midrange,https://www.jlconline.com/cost-vs-value/2025/mountain/albuquerque-nm/,60645,https://www.jlconline.com/cost-vs-value/2025/national/,Mountain,https://www.jlconline.com/cost-vs-value/2025/mountain/albuquerque-nm/,59162,https://www.jlconline.com/cost-vs-value/2025/mountain/albuquerque-nm/
Accessory Dwelling Unit,https://www.jlconline.com/cost-vs-value/2025/mountain/albuquerque-nm/,166406,https://www.jlconline.com/cost-vs-value/2025/national/,"Albuquerque, New Mexico",https://www.jlconline.com/cost-vs-value/2025/mountain/albuquerque-nm/,170054,https://www.jlconline.com/cost-vs-value/2025/mountain/albuquerque-nm/
Accessory Dwelling Unit,https://www.jlconline.com/cost-vs-value/2025/mountain/albuquerque-nm/,166406,https://www.jlconline.com/cost-vs-value/2025/national/,Mountain,https://www.jlconline.com/cost-vs-value/2025/mountain/albuquerque-nm/,163509,https://www.jlconline.com/cost-vs-value/2025/mountain/albuquerque-nm/
Bathroom Addition | Upscale,https://www.jlconline.com/cost-vs-value/2025/mountain/albuquerque-nm/,111255,https://www.jlconline.com/cost-vs-value/2025/national/,"Albuquerque, New Mexico",https://www.jlconline.com/cost-vs-value/2025/mountain/albuquerque-nm/,111348,https://www.jlconline.com/cost-vs-value/2025/mountain/albuquerque-nm/
Bathroom Addition | Upscale,https://www.jlconline.com/cost-vs-value/2025/mountain/albuquerque-nm/,111255,https://www.jlconline.com/cost-vs-value/2025/national/,Mountain,https://www.jlconline.com/cost-vs-value/2025/mountain/albuquerque-nm/,109606,https://www.jlconline.com/cost-vs-value/2025/mountain/albuquerque-nm/
Major Kitchen Remodel | Upscale,https://www.jlconline.com/cost-vs-value/2025/mountain/albuquerque-nm/,164104,https://www.jlconline.com/cost-vs-value/2025/national/,"Albuquerque, New Mexico",https://www.jlconline.com/cost-vs-value/2025/mountain/albuquerque-nm/,159892,https://www.jlconline.com/cost-vs-value/2025/mountain/albuquerque-nm/
Major Kitchen Remodel | Upscale,https://www.jlconline.com/cost-vs-value/2025/mountain/albuquerque-nm/,164104,https://www.jlconline.com/cost-vs-value/2025/national/,Mountain,https://www.jlconline.com/cost-vs-value/2025/mountain/albuquerque-nm/,159439,https://www.jlconline.com/cost-vs-value/2025/mountain/albuquerque-nm/
Bath Remodel | Upscale,https://www.jlconline.com/cost-vs-value/2025/mountain/albuquerque-nm/,81612,https://www.jlconline.com/cost-vs-value/2025/national/,"Albuquerque, New Mexico",https://www.jlconline.com/cost-vs-value/2025/mountain/albuquerque-nm/,80577,https://www.jlconline.com/cost-vs-value/2025/mountain/albuquerque-nm/
Bath Remodel | Upscale,https://www.jlconline.com/cost-vs-value/2025/mountain/albuquerque-nm/,81612,https://www.jlconline.com/cost-vs-value/2025/national/,Mountain,https://www.jlconline.com/cost-vs-value/2025/mountain/albuquerque-nm/,79492,https://www.jlconline.com/cost-vs-value/2025/mountain/albuquerque-nm/
Primary Suite Addition | Midrange,https://www.jlconline.com/cost-vs-value/2025/mountain/albuquerque-nm/,170517,https://www.jlconline.com/cost-vs-value/2025/national/,"Albuquerque, New Mexico",https://www.jlconline.com/cost-vs-value/2025/mountain/albuquerque-nm/,172400,https://www.jlconline.com/cost-vs-value/2025/mountain/albuquerque-nm/
Primary Suite Addition | Midrange,https://www.jlconline.com/cost-vs-value/2025/mountain/albuquerque-nm/,170517,https://www.jlconline.com/cost-vs-value/2025/national/,Mountain,https://www.jlconline.com/cost-vs-value/2025/mountain/albuquerque-nm/,168492,https://www.jlconline.com/cost-vs-value/2025/mountain/albuquerque-nm/
Solar Power Installation,https://www.jlconline.com/cost-vs-value/2025/mountain/albuquerque-nm/,55937,https://www.jlconline.com/cost-vs-value/2025/national/,"Albuquerque, New Mexico",https://www.jlconline.com/cost-vs-value/2025/mountain/albuquerque-nm/,53816,https://www.jlconline.com/cost-vs-value/2025/mountain/albuquerque-nm/
Solar Power Installation,https://www.jlconline.com/cost-vs-value/2025/mountain/albuquerque-nm/,55937,https://www.jlconline.com/cost-vs-value/2025/national/,Mountain,https://www.jlconline.com/cost-vs-value/2025/mountain/albuquerque-nm/,51183,https://www.jlconline.com/cost-vs-value/2025/mountain/albuquerque-nm/
Primary Suite Addition | Upscale,https://www.jlconline.com/cost-vs-value/2025/mountain/albuquerque-nm/,351613,https://www.jlconline.com/cost-vs-value/2025/national/,"Albuquerque, New Mexico",https://www.jlconline.com/cost-vs-value/2025/mountain/albuquerque-nm/,357309,https://www.jlconline.com/cost-vs-value/2025/mountain/albuquerque-nm/
Primary Suite Addition | Upscale,https://www.jlconline.com/cost-vs-value/2025/mountain/albuquerque-nm/,351613,https://www.jlconline.com/cost-vs-value/2025/national/,Mountain,https://www.jlconline.com/cost-vs-value/2025/mountain/albuquerque-nm/,350045,https://www.jlconline.com/cost-vs-value/2025/mountain/albuquerque-nm/
Garage Door Replacement,https://www.jlconline.com/cost-vs-value/2025/south-atlantic/atlanta-ga/,4672,https://www.jlconline.com/cost-vs-value/2025/national/,"Atlanta, Georgia",https://www.jlconline.com/cost-vs-value/2025/south-atlantic/atlanta-ga/,4843,https://www.jlconline.com/cost-vs-value/2025/south-atlantic/atlanta-ga/
Garage Door Replacement,https://www.jlconline.com/cost-vs-value/2025/south-atlantic/atlanta-ga/,4672,https://www.jlconline.com/cost-vs-value/2025/national/,South Atlantic,https://www.jlconline.com/cost-vs-value/2025/south-atlantic/atlanta-ga/,5126,https://www.jlconline.com/cost-vs-value/2025/south-atlantic/atlanta-ga/
Manufactured Stone Veneer,https://www.jlconline.com/cost-vs-value/2025/south-atlantic/atlanta-ga/,11702,https://www.jlconline.com/cost-vs-value/2025/national/,"Atlanta, Georgia",https://www.jlconline.com/cost-vs-value/2025/south-atlantic/atlanta-ga/,11004,https://www.jlconline.com/cost-vs-value/2025/south-atlantic/atlanta-ga/
Manufactured Stone Veneer,https://www.jlconline.com/cost-vs-value/2025/south-atlantic/atlanta-ga/,11702,https://www.jlconline.com/cost-vs-value/2025/national/,South Atlantic,https://www.jlconline.com/cost-vs-value/2025/south-atlantic/atlanta-ga/,10851,https://www.jlconline.com/cost-vs-value/2025/south-atlantic/atlanta-ga/
Entry Door Replacement | Steel,https://www.jlconline.com/cost-vs-value/2025/south-atlantic/atlanta-ga/,2435,https://www.jlconline.com/cost-vs-value/2025/national/,"Atlanta, Georgia",https://www.jlconline.com/cost-vs-value/2025/south-atlantic/atlanta-ga/,2425,https://www.jlconline.com/cost-vs-value/2025/south-atlantic/atlanta-ga/
Entry Door Replacement | Steel,https://www.jlconline.com/cost-vs-value/2025/south-atlantic/atlanta-ga/,2435,https://www.jlconline.com/cost-vs-value/2025/national/,South Atlantic,https://www.jlconline.com/cost-vs-value/2025/south-atlantic/atlanta-ga/,2398,https://www.jlconline.com/cost-vs-value/2025/south-atlantic/atlanta-ga/
Minor Kitchen Remodel | Midrange,https://www.jlconline.com/cost-vs-value/2025/south-atlantic/atlanta-ga/,28458,https://www.jlconline.com/cost-vs-value/2025/national/,"Atlanta, Georgia",https://www.jlconline.com/cost-vs-value/2025/south-atlantic/atlanta-ga/,28359,https://www.jlconline.com/cost-vs-value/2025/south-atlantic/atlanta-ga/
Minor Kitchen Remodel | Midrange,https://www.jlconline.com/cost-vs-value/2025/south-atlantic/atlanta-ga/,28458,https://www.jlconline.com/cost-vs-value/2025/national/,South Atlantic,https://www.jlconline.com/cost-vs-value/2025/south-atlantic/atlanta-ga/,28567,https://www.jlconline.com/cost-vs-value/2025/south-atlantic/atlanta-ga/
Siding Replacement | Fiber-Cement,https://www.jlconline.com/cost-vs-value/2025/south-atlantic/atlanta-ga/,21485,https://www.jlconline.com/cost-vs-value/2025/national/,"Atlanta, Georgia",https://www.jlconline.com/cost-vs-value/2025/south-atlantic/atlanta-ga/,21316,https://www.jlconline.com/cost-vs-value/2025/south-atlantic/atlanta-ga/
Siding Replacement | Fiber-Cement,https://www.jlconline.com/cost-vs-value/2025/south-atlantic/atlanta-ga/,21485,https://www.jlconline.com/cost-vs-value/2025/national/,South Atlantic,https://www.jlconline.com/cost-vs-value/2025/south-atlantic/atlanta-ga/,19628,https://www.jlconline.com/cost-vs-value/2025/south-atlantic/atlanta-ga/
Backup Power Generator,https://www.jlconline.com/cost-vs-value/2025/south-atlantic/atlanta-ga/,13534,https://www.jlconline.com/cost-vs-value/2025/national/,"Atlanta, Georgia",https://www.jlconline.com/cost-vs-value/2025/south-atlantic/atlanta-ga/,13130,https://www.jlconline.com/cost-vs-value/2025/south-atlantic/atlanta-ga/
Backup Power Generator,https://www.jlconline.com/cost-vs-value/2025/south-atlantic/atlanta-ga/,13534,https://www.jlconline.com/cost-vs-value/2025/national/,South Atlantic,https://www.jlconline.com/cost-vs-value/2025/south-atlantic/atlanta-ga/,13561,https://www.jlconline.com/cost-vs-value/2025/south-atlantic/atlanta-ga/
Basement Remodel,https://www.jlconline.com/cost-vs-value/2025/south-atlantic/atlanta-ga/,52012,https://www.jlconline.com/cost-vs-value/2025/national/,"Atlanta, Georgia",https://www.jlconline.com/cost-vs-value/2025/south-atlantic/atlanta-ga/,49681,https://www.jlconline.com/cost-vs-value/2025/south-atlantic/atlanta-ga/
Basement Remodel,https://www.jlconline.com/cost-vs-value/2025/south-atlantic/atlanta-ga/,52012,https://www.jlconline.com/cost-vs-value/2025/national/,South Atlantic,https://www.jlconline.com/cost-vs-value/2025/south-atlantic/atlanta-ga/,51409,https://www.jlconline.com/cost-vs-value/2025/south-atlantic/atlanta-ga/
Deck Addition | Composite,https://www.jlconline.com/cost-vs-value/2025/south-atlantic/atlanta-ga/,25096,https://www.jlconline.com/cost-vs-value/2025/national/,"Atlanta, Georgia",https://www.jlconline.com/cost-vs-value/2025/south-atlantic/atlanta-ga/,24984,https://www.jlconline.com/cost-vs-value/2025/south-atlantic/atlanta-ga/
Deck Addition | Composite,https://www.jlconline.com/cost-vs-value/2025/south-atlantic/atlanta-ga/,25096,https://www.jlconline.com/cost-vs-value/2025/national/,South Atlantic,https://www.jlconline.com/cost-vs-value/2025/south-atlantic/atlanta-ga/,24347,https://www.jlconline.com/cost-vs-value/2025/south-atlantic/atlanta-ga/
Siding Replacement | Vinyl,https://www.jlconline.com/cost-vs-value/2025/south-atlantic/atlanta-ga/,17950,https://www.jlconline.com/cost-vs-value/2025/national/,"Atlanta, Georgia",https://www.jlconline.com/cost-vs-value/2025/south-atlantic/atlanta-ga/,17308,https://www.jlconline.com/cost-vs-value/2025/south-atlantic/atlanta-ga/
Siding Replacement | Vinyl,https://www.jlconline.com/cost-vs-value/2025/south-atlantic/atlanta-ga/,17950,https://www.jlconline.com/cost-vs-value/2025/national/,South Atlantic,https://www.jlconline.com/cost-vs-value/2025/south-atlantic/atlanta-ga/,16491,https://www.jlconline.com/cost-vs-value/2025/south-atlantic/atlanta-ga/
Deck Addition | Wood,https://www.jlconline.com/cost-vs-value/2025/south-atlantic/atlanta-ga/,18263,https://www.jlconline.com/cost-vs-value/2025/national/,"Atlanta, Georgia",https://www.jlconline.com/cost-vs-value/2025/south-atlantic/atlanta-ga/,17200,https://www.jlconline.com/cost-vs-value/2025/south-atlantic/atlanta-ga/
Deck Addition | Wood,https://www.jlconline.com/cost-vs-value/2025/south-atlantic/atlanta-ga/,18263,https://www.jlconline.com/cost-vs-value/2025/national/,South Atlantic,https://www.jlconline.com/cost-vs-value/2025/south-atlantic/atlanta-ga/,18397,https://www.jlconline.com/cost-vs-value/2025/south-atlantic/atlanta-ga/
Bath Remodel | Midrange,https://www.jlconline.com/cost-vs-value/2025/south-atlantic/atlanta-ga/,26138,https://www.jlconline.com/cost-vs-value/2025/national/,"Atlanta, Georgia",https://www.jlconline.com/cost-vs-value/2025/south-atlantic/atlanta-ga/,25304,https://www.jlconline.com/cost-vs-value/2025/south-atlantic/atlanta-ga/
Bath Remodel | Midrange,https://www.jlconline.com/cost-vs-value/2025/south-atlantic/atlanta-ga/,26138,https://www.jlconline.com/cost-vs-value/2025/national/,South Atlantic,https://www.jlconline.com/cost-vs-value/2025/south-atlantic/atlanta-ga/,25609,https://www.jlconline.com/cost-vs-value/2025/south-atlantic/atlanta-ga/
Window Replacement | Vinyl,https://www.jlconline.com/cost-vs-value/2025/south-atlantic/atlanta-ga/,22073,https://www.jlconline.com/cost-vs-value/2025/national/,"Atlanta, Georgia",https://www.jlconline.com/cost-vs-value/2025/south-atlantic/atlanta-ga/,21631,https://www.jlconline.com/cost-vs-value/2025/south-atlantic/atlanta-ga/
Window Replacement | Vinyl,https://www.jlconline.com/cost-vs-value/2025/south-atlantic/atlanta-ga/,22073,https://www.jlconline.com/cost-vs-value/2025/national/,South Atlantic,https://www.jlconline.com/cost-vs-value/2025/south-atlantic/atlanta-ga/,21629,https://www.jlconline.com/cost-vs-value/2025/south-atlantic/atlanta-ga/
Roofing Replacement | Asphalt Shingles,https://www.jlconline.com/cost-vs-value/2025/south-atlantic/atlanta-ga/,31871,https://www.jlconline.com/cost-vs-value/2025/national/,"Atlanta, Georgia",https://www.jlconline.com/cost-vs-value/2025/south-atlantic/atlanta-ga/,29851,https://www.jlconline.com/cost-vs-value/2025/south-atlantic/atlanta-ga/
Roofing Replacement | Asphalt Shingles,https://www.jlconline.com/cost-vs-value/2025/south-atlantic/atlanta-ga/,31871,https://www.jlconline.com/cost-vs-value/2025/national/,South Atlantic,https://www.jlconline.com/cost-vs-value/2025/south-atlantic/atlanta-ga/,32253,https://www.jlconline.com/cost-vs-value/2025/south-atlantic/atlanta-ga/
Grand Entrance | Fiberglass,https://www.jlconline.com/cost-vs-value/2025/south-atlantic/atlanta-ga/,11754,https://www.jlconline.com/cost-vs-value/2025/national/,"Atlanta, Georgia",https://www.jlconline.com/cost-vs-value/2025/south-atlantic/atlanta-ga/,11849,https://www.jlconline.com/cost-vs-value/2025/south-atlantic/atlanta-ga/
Grand Entrance | Fiberglass,https://www.jlconline.com/cost-vs-value/2025/south-atlantic/atlanta-ga/,11754,https://www.jlconline.com/cost-vs-value/2025/national/,South Atlantic,https://www.jlconline.com/cost-vs-value/2025/south-atlantic/atlanta-ga/,11489,https://www.jlconline.com/cost-vs-value/2025/south-atlantic/atlanta-ga/
Bath Remodel | Universal Design,https://www.jlconline.com/cost-vs-value/2025/south-atlantic/atlanta-ga/,42183,https://www.jlconline.com/cost-vs-value/2025/national/,"Atlanta, Georgia",https://www.jlconline.com/cost-vs-value/2025/south-atlantic/atlanta-ga/,41047,https://www.jlconline.com/cost-vs-value/2025/south-atlantic/atlanta-ga/
Bath Remodel | Universal Design,https://www.jlconline.com/cost-vs-value/2025/south-atlantic/atlanta-ga/,42183,https://www.jlconline.com/cost-vs-value/2025/national/,South Atlantic,https://www.jlconline.com/cost-vs-value/2025/south-atlantic/atlanta-ga/,41203,https://www.jlconline.com/cost-vs-value/2025/south-atlantic/atlanta-ga/
Window Replacement | Wood,https://www.jlconline.com/cost-vs-value/2025/south-atlantic/atlanta-ga/,26781,https://www.jlconline.com/cost-vs-value/2025/national/,"Atlanta, Georgia",https://www.jlconline.com/cost-vs-value/2025/south-atlantic/atlanta-ga/,26807,https://www.jlconline.com/cost-vs-value/2025/south-atlantic/atlanta-ga/
Window Replacement | Wood,https://www.jlconline.com/cost-vs-value/2025/south-atlantic/atlanta-ga/,26781,https://www.jlconline.com/cost-vs-value/2025/national/,South Atlantic,https://www.jlconline.com/cost-vs-value/2025/south-atlantic/atlanta-ga/,26445,https://www.jlconline.com/cost-vs-value/2025/south-atlantic/atlanta-ga/
HVAC Conversion | Electrification,https://www.jlconline.com/cost-vs-value/2025/south-atlantic/atlanta-ga/,19484,https://www.jlconline.com/cost-vs-value/2025/national/,"Atlanta, Georgia",https://www.jlconline.com/cost-vs-value/2025/south-atlantic/atlanta-ga/,18416,https://www.jlconline.com/cost-vs-value/2025/south-atlantic/atlanta-ga/
HVAC Conversion | Electrification,https://www.jlconline.com/cost-vs-value/2025/south-atlantic/atlanta-ga/,19484,https://www.jlconline.com/cost-vs-value/2025/national/,South Atlantic,https://www.jlconline.com/cost-vs-value/2025/south-atlantic/atlanta-ga/,19208,https://www.jlconline.com/cost-vs-value/2025/south-atlantic/atlanta-ga/
Roofing Replacement | Metal,https://www.jlconline.com/cost-vs-value/2025/south-atlantic/atlanta-ga/,51865,https://www.jlconline.com/cost-vs-value/2025/national/,"Atlanta, Georgia",https://www.jlconline.com/cost-vs-value/2025/south-atlantic/atlanta-ga/,43826,https://www.jlconline.com/cost-vs-value/2025/south-atlantic/atlanta-ga/
Roofing Replacement | Metal,https://www.jlconline.com/cost-vs-value/2025/south-atlantic/atlanta-ga/,51865,https://www.jlconline.com/cost-vs-value/2025/national/,South Atlantic,https://www.jlconline.com/cost-vs-value/2025/south-atlantic/atlanta-ga/,50181,https://www.jlconline.com/cost-vs-value/2025/south-atlantic/atlanta-ga/
Bathroom Addition | Midrange,https://www.jlconline.com/cost-vs-value/2025/south-atlantic/atlanta-ga/,60645,https://www.jlconline.com/cost-vs-value/2025/national/,"Atlanta, Georgia",https://www.jlconline.com/cost-vs-value/2025/south-atlantic/atlanta-ga/,58363,https://www.jlconline.com/cost-vs-value/2025/south-atlantic/atlanta-ga/
Bathroom Addition | Midrange,https://www.jlconline.com/cost-vs-value/2025/south-atlantic/atlanta-ga/,60645,https://www.jlconline.com/cost-vs-value/2025/national/,South Atlantic,https://www.jlconline.com/cost-vs-value/2025/south-atlantic/atlanta-ga/,59039,https://www.jlconline.com/cost-vs-value/2025/south-atlantic/atlanta-ga/
Major Kitchen Remodel | Midrange,https://www.jlconline.com/cost-vs-value/2025/south-atlantic/atlanta-ga/,82793,https://www.jlconline.com/cost-vs-value/2025/national/,"Atlanta, Georgia",https://www.jlconline.com/cost-vs-value/2025/south-atlantic/atlanta-ga/,79591,https://www.jlconline.com/cost-vs-value/2025/south-atlantic/atlanta-ga/
Major Kitchen Remodel | Midrange,https://www.jlconline.com/cost-vs-value/2025/south-atlantic/atlanta-ga/,82793,https://www.jlconline.com/cost-vs-value/2025/national/,South Atlantic,https://www.jlconline.com/cost-vs-value/2025/south-atlantic/atlanta-ga/,81076,https://www.jlconline.com/cost-vs-value/2025/south-atlantic/atlanta-ga/
Accessory Dwelling Unit,https://www.jlconline.com/cost-vs-value/2025/south-atlantic/atlanta-ga/,166406,https://www.jlconline.com/cost-vs-value/2025/national/,"Atlanta, Georgia",https://www.jlconline.com/cost-vs-value/2025/south-atlantic/atlanta-ga/,158023,https://www.jlconline.com/cost-vs-value/2025/south-atlantic/atlanta-ga/
Accessory Dwelling Unit,https://www.jlconline.com/cost-vs-value/2025/south-atlantic/atlanta-ga/,166406,https://www.jlconline.com/cost-vs-value/2025/national/,South Atlantic,https://www.jlconline.com/cost-vs-value/2025/south-atlantic/atlanta-ga/,161457,https://www.jlconline.com/cost-vs-value/2025/south-atlantic/atlanta-ga/
Bath Remodel | Upscale,https://www.jlconline.com/cost-vs-value/2025/south-atlantic/atlanta-ga/,81612,https://www.jlconline.com/cost-vs-value/2025/national/,"Atlanta, Georgia",https://www.jlconline.com/cost-vs-value/2025/south-atlantic/atlanta-ga/,79717,https://www.jlconline.com/cost-vs-value/2025/south-atlantic/atlanta-ga/
Bath Remodel | Upscale,https://www.jlconline.com/cost-vs-value/2025/south-atlantic/atlanta-ga/,81612,https://www.jlconline.com/cost-vs-value/2025/national/,South Atlantic,https://www.jlconline.com/cost-vs-value/2025/south-atlantic/atlanta-ga/,80222,https://www.jlconline.com/cost-vs-value/2025/south-atlantic/atlanta-ga/
Backyard Patio,https://www.jlconline.com/cost-vs-value/2025/south-atlantic/atlanta-ga/,51454,https://www.jlconline.com/cost-vs-value/2025/national/,"Atlanta, Georgia",https://www.jlconline.com/cost-vs-value/2025/south-atlantic/atlanta-ga/,50928,https://www.jlconline.com/cost-vs-value/2025/south-atlantic/atlanta-ga/
Backyard Patio,https://www.jlconline.com/cost-vs-value/2025/south-atlantic/atlanta-ga/,51454,https://www.jlconline.com/cost-vs-value/2025/national/,South Atlantic,https://www.jlconline.com/cost-vs-value/2025/south-atlantic/atlanta-ga/,49982,https://www.jlconline.com/cost-vs-value/2025/south-atlantic/atlanta-ga/
Bathroom Addition | Upscale,https://www.jlconline.com/cost-vs-value/2025/south-atlantic/atlanta-ga/,111255,https://www.jlconline.com/cost-vs-value/2025/national/,"Atlanta, Georgia",https://www.jlconline.com/cost-vs-value/2025/south-atlantic/atlanta-ga/,106612,https://www.jlconline.com/cost-vs-value/2025/south-atlantic/atlanta-ga/
Bathroom Addition | Upscale,https://www.jlconline.com/cost-vs-value/2025/south-atlantic/atlanta-ga/,111255,https://www.jlconline.com/cost-vs-value/2025/national/,South Atlantic,https://www.jlconline.com/cost-vs-value/2025/south-atlantic/atlanta-ga/,107955,https://www.jlconline.com/cost-vs-value/2025/south-atlantic/atlanta-ga/
Primary Suite Addition | Midrange,https://www.jlconline.com/cost-vs-value/2025/south-atlantic/atlanta-ga/,170517,https://www.jlconline.com/cost-vs-value/2025/national/,"Atlanta, Georgia",https://www.jlconline.com/cost-vs-value/2025/south-atlantic/atlanta-ga/,162109,https://www.jlconline.com/cost-vs-value/2025/south-atlantic/atlanta-ga/
Primary Suite Addition | Midrange,https://www.jlconline.com/cost-vs-value/2025/south-atlantic/atlanta-ga/,170517,https://www.jlconline.com/cost-vs-value/2025/national/,South Atlantic,https://www.jlconline.com/cost-vs-value/2025/south-atlantic/atlanta-ga/,165012,https://www.jlconline.com/cost-vs-value/2025/south-atlantic/atlanta-ga/
Major Kitchen Remodel | Upscale,https://www.jlconline.com/cost-vs-value/2025/south-atlantic/atlanta-ga/,164104,https://www.jlconline.com/cost-vs-value/2025/national/,"Atlanta, Georgia",https://www.jlconline.com/cost-vs-value/2025/south-atlantic/atlanta-ga/,157713,https://www.jlconline.com/cost-vs-value/2025/south-atlantic/atlanta-ga/
Major Kitchen Remodel | Upscale,https://www.jlconline.com/cost-vs-value/2025/south-atlantic/atlanta-ga/,164104,https://www.jlconline.com/cost-vs-value/2025/national/,South Atlantic,https://www.jlconline.com/cost-vs-value/2025/south-atlantic/atlanta-ga/,161511,https://www.jlconline.com/cost-vs-value/2025/south-atlantic/atlanta-ga/
Solar Power Installation,https://www.jlconline.com/cost-vs-value/2025/south-atlantic/atlanta-ga/,55937,https://www.jlconline.com/cost-vs-value/2025/national/,"Atlanta, Georgia",https://www.jlconline.com/cost-vs-value/2025/south-atlantic/atlanta-ga/,55234,https://www.jlconline.com/cost-vs-value/2025/south-atlantic/atlanta-ga/
Solar Power Installation,https://www.jlconline.com/cost-vs-value/2025/south-atlantic/atlanta-ga/,55937,https://www.jlconline.com/cost-vs-value/2025/national/,South Atlantic,https://www.jlconline.com/cost-vs-value/2025/south-atlantic/atlanta-ga/,55673,https://www.jlconline.com/cost-vs-value/2025/south-atlantic/atlanta-ga/
Primary Suite Addition | Upscale,https://www.jlconline.com/cost-vs-value/2025/south-atlantic/atlanta-ga/,351613,https://www.jlconline.com/cost-vs-value/2025/national/,"Atlanta, Georgia",https://www.jlconline.com/cost-vs-value/2025/south-atlantic/atlanta-ga/,330626,https://www.jlconline.com/cost-vs-value/2025/south-atlantic/atlanta-ga/
Primary Suite Addition | Upscale,https://www.jlconline.com/cost-vs-value/2025/south-atlantic/atlanta-ga/,351613,https://www.jlconline.com/cost-vs-value/2025/national/,South Atlantic,https://www.jlconline.com/cost-vs-value/2025/south-atlantic/atlanta-ga/,338323,https://www.jlconline.com/cost-vs-value/2025/south-atlantic/atlanta-ga/
Garage Door Replacement,https://www.jlconline.com/cost-vs-value/2025/national/,4672,https://www.jlconline.com/cost-vs-value/2025/national/,National Average,https://www.jlconline.com/cost-vs-value/2025/national/,4672,https://www.jlconline.com/cost-vs-value/2025/national/
Manufactured Stone Veneer,https://www.jlconline.com/cost-vs-value/2025/national/,11702,https://www.jlconline.com/cost-vs-value/2025/national/,National Average,https://www.jlconline.com/cost-vs-value/2025/national/,11702,https://www.jlconline.com/cost-vs-value/2025/national/
Entry Door Replacement | Steel,https://www.jlconline.com/cost-vs-value/2025/national/,2435,https://www.jlconline.com/cost-vs-value/2025/national/,National Average,https://www.jlconline.com/cost-vs-value/2025/national/,2435,https://www.jlconline.com/cost-vs-value/2025/national/
Siding Replacement | Vinyl,https://www.jlconline.com/cost-vs-value/2025/national/,17950,https://www.jlconline.com/cost-vs-value/2025/national/,National Average,https://www.jlconline.com/cost-vs-value/2025/national/,17950,https://www.jlconline.com/cost-vs-value/2025/national/
Minor Kitchen Remodel | Midrange,https://www.jlconline.com/cost-vs-value/2025/national/,28458,https://www.jlconline.com/cost-vs-value/2025/national/,National Average,https://www.jlconline.com/cost-vs-value/2025/national/,28458,https://www.jlconline.com/cost-vs-value/2025/national/
Deck Addition | Wood,https://www.jlconline.com/cost-vs-value/2025/national/,18263,https://www.jlconline.com/cost-vs-value/2025/national/,National Average,https://www.jlconline.com/cost-vs-value/2025/national/,18263,https://www.jlconline.com/cost-vs-value/2025/national/
Grand Entrance | Fiberglass,https://www.jlconline.com/cost-vs-value/2025/national/,11754,https://www.jlconline.com/cost-vs-value/2025/national/,National Average,https://www.jlconline.com/cost-vs-value/2025/national/,11754,https://www.jlconline.com/cost-vs-value/2025/national/
Siding Replacement | Fiber-Cement,https://www.jlconline.com/cost-vs-value/2025/national/,21485,https://www.jlconline.com/cost-vs-value/2025/national/,National Average,https://www.jlconline.com/cost-vs-value/2025/national/,21485,https://www.jlconline.com/cost-vs-value/2025/national/
Backup Power Generator,https://www.jlconline.com/cost-vs-value/2025/national/,13534,https://www.jlconline.com/cost-vs-value/2025/national/,National Average,https://www.jlconline.com/cost-vs-value/2025/national/,13534,https://www.jlconline.com/cost-vs-value/2025/national/
HVAC Conversion | Electrification,https://www.jlconline.com/cost-vs-value/2025/national/,19484,https://www.jlconline.com/cost-vs-value/2025/national/,National Average,https://www.jlconline.com/cost-vs-value/2025/national/,19484,https://www.jlconline.com/cost-vs-value/2025/national/
Bath Remodel | Midrange,https://www.jlconline.com/cost-vs-value/2025/national/,26138,https://www.jlconline.com/cost-vs-value/2025/national/,National Average,https://www.jlconline.com/cost-vs-value/2025/national/,26138,https://www.jlconline.com/cost-vs-value/2025/national/
Bath Remodel | Universal Design,https://www.jlconline.com/cost-vs-value/2025/national/,42183,https://www.jlconline.com/cost-vs-value/2025/national/,National Average,https://www.jlconline.com/cost-vs-value/2025/national/,42183,https://www.jlconline.com/cost-vs-value/2025/national/
Basement Remodel,https://www.jlconline.com/cost-vs-value/2025/national/,52012,https://www.jlconline.com/cost-vs-value/2025/national/,National Average,https://www.jlconline.com/cost-vs-value/2025/national/,52012,https://www.jlconline.com/cost-vs-value/2025/national/
Roofing Replacement | Asphalt Shingles,https://www.jlconline.com/cost-vs-value/2025/national/,31871,https://www.jlconline.com/cost-vs-value/2025/national/,National Average,https://www.jlconline.com/cost-vs-value/2025/national/,31871,https://www.jlconline.com/cost-vs-value/2025/national/
Deck Addition | Composite,https://www.jlconline.com/cost-vs-value/2025/national/,25096,https://www.jlconline.com/cost-vs-value/2025/national/,National Average,https://www.jlconline.com/cost-vs-value/2025/national/,25096,https://www.jlconline.com/cost-vs-value/2025/national/
Roofing Replacement | Metal,https://www.jlconline.com/cost-vs-value/2025/national/,51865,https://www.jlconline.com/cost-vs-value/2025/national/,National Average,https://www.jlconline.com/cost-vs-value/2025/national/,51865,https://www.jlconline.com/cost-vs-value/2025/national/
Window Replacement | Wood,https://www.jlconline.com/cost-vs-value/2025/national/,26781,https://www.jlconline.com/cost-vs-value/2025/national/,National Average,https://www.jlconline.com/cost-vs-value/2025/national/,26781,https://www.jlconline.com/cost-vs-value/2025/national/
Window Replacement | Vinyl,https://www.jlconline.com/cost-vs-value/2025/national/,22073,https://www.jlconline.com/cost-vs-value/2025/national/,National Average,https://www.jlconline.com/cost-vs-value/2025/national/,22073,https://www.jlconline.com/cost-vs-value/2025/national/
Major Kitchen Remodel | Midrange,https://www.jlconline.com/cost-vs-value/2025/national/,82793,https://www.jlconline.com/cost-vs-value/2025/national/,National Average,https://www.jlconline.com/cost-vs-value/2025/national/,82793,https://www.jlconline.com/cost-vs-value/2025/national/
Bathroom Addition | Midrange,https://www.jlconline.com/cost-vs-value/2025/national/,60645,https://www.jlconline.com/cost-vs-value/2025/national/,National Average,https://www.jlconline.com/cost-vs-value/2025/national/,60645,https://www.jlconline.com/cost-vs-value/2025/national/
Bathroom Addition | Upscale,https://www.jlconline.com/cost-vs-value/2025/national/,111255,https://www.jlconline.com/cost-vs-value/2025/national/,National Average,https://www.jlconline.com/cost-vs-value/2025/national/,111255,https://www.jlconline.com/cost-vs-value/2025/national/
Bath Remodel | Upscale,https://www.jlconline.com/cost-vs-value/2025/national/,81612,https://www.jlconline.com/cost-vs-value/2025/national/,National Average,https://www.jlconline.com/cost-vs-value/2025/national/,81612,https://www.jlconline.com/cost-vs-value/2025/national/
Accessory Dwelling Unit,https://www.jlconline.com/cost-vs-value/2025/national/,166406,https://www.jlconline.com/cost-vs-value/2025/national/,National Average,https://www.jlconline.com/cost-vs-value/2025/national/,166406,https://www.jlconline.com/cost-vs-value/2025/national/
Solar Power Installation,https://www.jlconline.com/cost-vs-value/2025/national/,55937,https://www.jlconline.com/cost-vs-value/2025/national/,National Average,https://www.jlconline.com/cost-vs-value/2025/national/,55937,https://www.jlconline.com/cost-vs-value/2025/national/
Backyard Patio,https://www.jlconline.com/cost-vs-value/2025/national/,51454,https://www.jlconline.com/cost-vs-value/2025/national/,National Average,https://www.jlconline.com/cost-vs-value/2025/national/,51454,https://www.jlconline.com/cost-vs-value/2025/national/
Major Kitchen Remodel | Upscale,https://www.jlconline.com/cost-vs-value/2025/national/,164104,https://www.jlconline.com/cost-vs-value/2025/national/,National Average,https://www.jlconline.com/cost-vs-value/2025/national/,164104,https://www.jlconline.com/cost-vs-value/2025/national/
Primary Suite Addition | Midrange,https://www.jlconline.com/cost-vs-value/2025/national/,170517,https://www.jlconline.com/cost-vs-value/2025/national/,National Average,https://www.jlconline.com/cost-vs-value/2025/national/,170517,https://www.jlconline.com/cost-vs-value/2025/national/
Primary Suite Addition | Upscale,https://www.jlconline.com/cost-vs-value/2025/national/,351613,https://www.jlconline.com/cost-vs-value/2025/national/,National Average,https://www.jlconline.com/cost-vs-value/2025/national/,351613,https://www.jlconline.com/cost-vs-value/2025/national/